ID,First Name,Last Name,Team,HidPos,Position,Price,Start_Price,Diff,Last Change,LCD,Pts,PPG,PPM,% F.S,% S.H.S,MP,MiP,Form,G,A,CS,GC,FG,Sub,Imp,SOT,YC,RC,Sv,OG,PC,PM,PS,PT1,PT15,PT60,PT90,Unnamed: 0
1677501,Erling,Haaland,Manchester City,3,FOR,14.0,14.0,0,0000-00-00 00:00:00,0,0,0,0.0,0,0,0,0,0,0,0,0,0,0,0,0,0,0,0,0,0,0,0,0,0,0,0,0,
45106,Mohamed,Salah,Liverpool,2,MID,12.0,12.0,0,0000-00-00 00:00:00,0,0,0,0.0,0,0,0,0,0,0,0,0,0,0,0,0,0,0,0,0,0,0,0,0,0,0,0,0,
106430,Bukayo,Saka,Arsenal,2,MID,10.5,10.5,0,0000-00-00 00:00:00,0,0,0,0.0,0,0,0,0,0,0,0,0,0,0,0,0,0,0,0,0,0,0,0,0,0,0,0,0,
55898,Phil,Foden,Manchester City,2,MID,10.0,10.0,0,0000-00-00 00:00:00,0,0,0,0.0,0,0,0,0,0,0,0,0,0,0,0,0,0,0,0,0,0,0,0,0,0,0,0,0,
242906,Cole,Palmer,Chelsea,2,MID,10.0,10.0,0,0000-00-00 00:00:00,0,0,0,0.0,0,0,0,0,0,0,0,0,0,0,0,0,0,0,0,0,0,0,0,0,0,0,0,0,
23472,Heung-Min,Son,Spurs,2,MID,9.5,9.5,0,0000-00-00 00:00:00,0,0,0,0.0,0,0,0,0,0,0,0,0,0,0,0,0,0,0,0,0,0,0,0,0,0,0,0,0,
183114,Ollie,Watkins,Aston Villa,3,FOR,9.5,9.5,0,0000-00-00 00:00:00,0,0,0,0.0,0,0,0,0,0,0,0,0,0,0,0,0,0,0,0,0,0,0,0,0,0,0,0,0,
23161,Kevin,De Bruyne,Manchester City,2,MID,9.0,9.0,0,0000-00-00 00:00:00,0,0,0,0.0,0,0,0,0,0,0,0,0,0,0,0,0,0,0,0,0,0,0,0,0,0,0,0,0,
160701,Bruno,Fernandes,Manchester United,2,MID,8.5,8.5,0,0000-00-00 00:00:00,0,0,0,0.0,0,0,0,0,0,0,0,0,0,0,0,0,0,0,0,0,0,0,0,0,0,0,0,0,
182529,Kai,Havertz,Arsenal,3,FOR,8.5,8.5,0,0000-00-00 00:00:00,0,0,0,0.0,0,0,0,0,0,0,0,0,0,0,0,0,0,0,0,0,0,0,0,0,0,0,0,0,
2200000,Alexander,Isak,Newcastle,3,FOR,8.5,8.5,0,0000-00-00 00:00:00,0,0,0,0.0,0,0,0,0,0,0,0,0,0,0,0,0,0,0,0,0,0,0,0,0,0,0,0,0,
161049,Jarrod,Bowen,West Ham,2,MID,8.0,8.0,0,0000-00-00 00:00:00,0,0,0,0.0,0,0,0,0,0,0,0,0,0,0,0,0,0,0,0,0,0,0,0,0,0,0,0,0,
201990,Martin,Odegaard,Arsenal,2,MID,8.0,8.0,0,0000-00-00 00:00:00,0,0,0,0.0,0,0,0,0,0,0,0,0,0,0,0,0,0,0,0,0,0,0,0,0,0,0,0,0,
242870,Anthony,Gordon,Newcastle,2,MID,8.0,8.0,0,0000-00-00 00:00:00,0,0,0,0.0,0,0,0,0,0,0,0,0,0,0,0,0,0,0,0,0,0,0,0,0,0,0,0,0,
283021,Luis,Diaz,Liverpool,2,MID,8.0,8.0,0,0000-00-00 00:00:00,0,0,0,0.0,0,0,0,0,0,0,0,0,0,0,0,0,0,0,0,0,0,0,0,0,0,0,0,0,
1677500,Darwin,Nunez,Liverpool,3,FOR,8.0,8.0,0,0000-00-00 00:00:00,0,0,0,0.0,0,0,0,0,0,0,0,0,0,0,0,0,0,0,0,0,0,0,0,0,0,0,0,0,
3590554,Nicolas,Jackson,Chelsea,3,FOR,8.0,8.0,0,0000-00-00 00:00:00,0,0,0,0.0,0,0,0,0,0,0,0,0,0,0,0,0,0,0,0,0,0,0,0,0,0,0,0,0,
23153,Raheem,Sterling,Chelsea,2,MID,7.5,7.5,0,0000-00-00 00:00:00,0,0,0,0.0,0,0,0,0,0,0,0,0,0,0,0,0,0,0,0,0,0,0,0,0,0,0,0,0,
23194,Marcus,Rashford,Manchester United,2,MID,7.5,7.5,0,0000-00-00 00:00:00,0,0,0,0.0,0,0,0,0,0,0,0,0,0,0,0,0,0,0,0,0,0,0,0,0,0,0,0,0,
32986,Gabriel,Jesus,Arsenal,3,FOR,7.5,7.5,0,0000-00-00 00:00:00,0,0,0,0.0,0,0,0,0,0,0,0,0,0,0,0,0,0,0,0,0,0,0,0,0,0,0,0,0,
45474,,Richarlison,Spurs,3,FOR,7.5,7.5,0,0000-00-00 00:00:00,0,0,0,0.0,0,0,0,0,0,0,0,0,0,0,0,0,0,0,0,0,0,0,0,0,0,0,0,0,
88492,James,Maddison,Spurs,2,MID,7.5,7.5,0,0000-00-00 00:00:00,0,0,0,0.0,0,0,0,0,0,0,0,0,0,0,0,0,0,0,0,0,0,0,0,0,0,0,0,0,
88567,Diogo,Jota,Liverpool,2,MID,7.5,7.5,0,0000-00-00 00:00:00,0,0,0,0.0,0,0,0,0,0,0,0,0,0,0,0,0,0,0,0,0,0,0,0,0,0,0,0,0,
132424,Leandro,Trossard,Arsenal,2,MID,7.5,7.5,0,0000-00-00 00:00:00,0,0,0,0.0,0,0,0,0,0,0,0,0,0,0,0,0,0,0,0,0,0,0,0,0,0,0,0,0,
140008,Gabriel,Martinelli,Arsenal,2,MID,7.5,7.5,0,0000-00-00 00:00:00,0,0,0,0.0,0,0,0,0,0,0,0,0,0,0,0,0,0,0,0,0,0,0,0,0,0,0,0,0,
192217,Ivan,Toney,Brentford,3,FOR,7.5,7.5,0,0000-00-00 00:00:00,0,0,0,0.0,0,0,0,0,0,0,0,0,0,0,0,0,0,0,0,0,0,0,0,0,0,0,0,0,
201968,Jean-Philippe,Mateta,Crystal Palace,3,FOR,7.5,7.5,0,0000-00-00 00:00:00,0,0,0,0.0,0,0,0,0,0,0,0,0,0,0,0,0,0,0,0,0,0,0,0,0,0,0,0,0,
230753,Dominic,Solanke,Bournemouth,3,FOR,7.5,7.5,0,0000-00-00 00:00:00,0,0,0,0.0,0,0,0,0,0,0,0,0,0,0,0,0,0,0,0,0,0,0,0,0,0,0,0,0,
1677502,Julian,Alvarez,Manchester City,3,FOR,7.5,7.5,0,0000-00-00 00:00:00,0,0,0,0.0,0,0,0,0,0,0,0,0,0,0,0,0,0,0,0,0,0,0,0,0,0,0,0,0,
23360,Callum,Wilson,Newcastle,3,FOR,7.0,7.0,0,0000-00-00 00:00:00,0,0,0,0.0,0,0,0,0,0,0,0,0,0,0,0,0,0,0,0,0,0,0,0,0,0,0,0,0,
32973,Declan,Rice,Arsenal,2,MID,7.0,7.0,0,0000-00-00 00:00:00,0,0,0,0.0,0,0,0,0,0,0,0,0,0,0,0,0,0,0,0,0,0,0,0,0,0,0,0,0,
45039,Harvey,Barnes,Newcastle,2,MID,7.0,7.0,0,0000-00-00 00:00:00,0,0,0,0.0,0,0,0,0,0,0,0,0,0,0,0,0,0,0,0,0,0,0,0,0,0,0,0,0,
131338,Jack,Grealish,Manchester City,2,MID,7.0,7.0,0,0000-00-00 00:00:00,0,0,0,0.0,0,0,0,0,0,0,0,0,0,0,0,0,0,0,0,0,0,0,0,0,0,0,0,0,
132974,,Rodri,Manchester City,2,MID,7.0,7.0,0,0000-00-00 00:00:00,0,0,0,0.0,0,0,0,0,0,0,0,0,0,0,0,0,0,0,0,0,0,0,0,0,0,0,0,0,
180321,Eberechi,Eze,Crystal Palace,2,MID,7.0,7.0,0,0000-00-00 00:00:00,0,0,0,0.0,0,0,0,0,0,0,0,0,0,0,0,0,0,0,0,0,0,0,0,0,0,0,0,0,
192214,Bryan,Mbeumo,Brentford,2,MID,7.0,7.0,0,0000-00-00 00:00:00,0,0,0,0.0,0,0,0,0,0,0,0,0,0,0,0,0,0,0,0,0,0,0,0,0,0,0,0,0,
230991,Brennan,Johnson,Spurs,2,MID,7.0,7.0,0,0000-00-00 00:00:00,0,0,0,0.0,0,0,0,0,0,0,0,0,0,0,0,0,0,0,0,0,0,0,0,0,0,0,0,0,
240547,Leon,Bailey,Aston Villa,2,MID,7.0,7.0,0,0000-00-00 00:00:00,0,0,0,0.0,0,0,0,0,0,0,0,0,0,0,0,0,0,0,0,0,0,0,0,0,0,0,0,0,
240869,Romelu,Lukaku,Chelsea,3,FOR,7.0,7.0,0,0000-00-00 00:00:00,0,0,0,0.0,0,0,0,0,0,0,0,0,0,0,0,0,0,0,0,0,0,0,0,0,0,0,0,0,
291491,Dejan,Kulusevski,Spurs,2,MID,7.0,7.0,0,0000-00-00 00:00:00,0,0,0,0.0,0,0,0,0,0,0,0,0,0,0,0,0,0,0,0,0,0,0,0,0,0,0,0,0,
1214404,Alejandro,Garnacho,Manchester United,2,MID,7.0,7.0,0,0000-00-00 00:00:00,0,0,0,0.0,0,0,0,0,0,0,0,0,0,0,0,0,0,0,0,0,0,0,0,0,0,0,0,0,
2818755,Cody,Gakpo,Liverpool,3,FOR,7.0,7.0,0,0000-00-00 00:00:00,0,0,0,0.0,0,0,0,0,0,0,0,0,0,0,0,0,0,0,0,0,0,0,0,0,0,0,0,0,
3584407,Christopher,Nkunku,Chelsea,2,MID,7.0,7.0,0,0000-00-00 00:00:00,0,0,0,0.0,0,0,0,0,0,0,0,0,0,0,0,0,0,0,0,0,0,0,0,0,0,0,0,0,
3627793,Matheus,Cunha,Wolves,3,FOR,7.0,7.0,0,0000-00-00 00:00:00,0,0,0,0.0,0,0,0,0,0,0,0,0,0,0,0,0,0,0,0,0,0,0,0,0,0,0,0,0,
3634387,Rasmus,Hojlund,Manchester United,3,FOR,7.0,7.0,0,0000-00-00 00:00:00,0,0,0,0.0,0,0,0,0,0,0,0,0,0,0,0,0,0,0,0,0,0,0,0,0,0,0,0,0,
3649502,Mohammed,Kudus,West Ham,2,MID,7.0,7.0,0,0000-00-00 00:00:00,0,0,0,0.0,0,0,0,0,0,0,0,0,0,0,0,0,0,0,0,0,0,0,0,0,0,0,0,0,
23404,James,Ward-Prowse,West Ham,2,MID,6.5,6.5,0,0000-00-00 00:00:00,0,0,0,0.0,0,0,0,0,0,0,0,0,0,0,0,0,0,0,0,0,0,0,0,0,0,0,0,0,
28906,Trent,Alexander-Arnold,Liverpool,1,DEF,6.5,6.5,0,0000-00-00 00:00:00,0,0,0,0.0,0,0,0,0,0,0,0,0,0,0,0,0,0,0,0,0,0,0,0,0,0,0,0,0,
45081,Bernardo,Silva,Manchester City,2,MID,6.5,6.5,0,0000-00-00 00:00:00,0,0,0,0.0,0,0,0,0,0,0,0,0,0,0,0,0,0,0,0,0,0,0,0,0,0,0,0,0,
57345,Chris,Wood,Nottingham Forest,3,FOR,6.5,6.5,0,0000-00-00 00:00:00,0,0,0,0.0,0,0,0,0,0,0,0,0,0,0,0,0,0,0,0,0,0,0,0,0,0,0,0,0,
88531,Morgan,Gibbs-White,Nottingham Forest,2,MID,6.5,6.5,0,0000-00-00 00:00:00,0,0,0,0.0,0,0,0,0,0,0,0,0,0,0,0,0,0,0,0,0,0,0,0,0,0,0,0,0,
139207,Pedro,Neto,Wolves,2,MID,6.5,6.5,0,0000-00-00 00:00:00,0,0,0,0.0,0,0,0,0,0,0,0,0,0,0,0,0,0,0,0,0,0,0,0,0,0,0,0,0,
176641,Ben,White,Arsenal,1,DEF,6.5,6.5,0,0000-00-00 00:00:00,0,0,0,0.0,0,0,0,0,0,0,0,0,0,0,0,0,0,0,0,0,0,0,0,0,0,0,0,0,
184630,Conor,Gallagher,Chelsea,2,MID,6.5,6.5,0,0000-00-00 00:00:00,0,0,0,0.0,0,0,0,0,0,0,0,0,0,0,0,0,0,0,0,0,0,0,0,0,0,0,0,0,
228177,Jadon,Sancho,Manchester United,2,MID,6.5,6.5,0,0000-00-00 00:00:00,0,0,0,0.0,0,0,0,0,0,0,0,0,0,0,0,0,0,0,0,0,0,0,0,0,0,0,0,0,
242911,Yoane,Wissa,Brentford,3,FOR,6.5,6.5,0,0000-00-00 00:00:00,0,0,0,0.0,0,0,0,0,0,0,0,0,0,0,0,0,0,0,0,0,0,0,0,0,0,0,0,0,
257178,Hwang,Hee-chan,Wolves,2,MID,6.5,6.5,0,0000-00-00 00:00:00,0,0,0,0.0,0,0,0,0,0,0,0,0,0,0,0,0,0,0,0,0,0,0,0,0,0,0,0,0,
283020,Bruno,Guimaraes,Newcastle,2,MID,6.5,6.5,0,0000-00-00 00:00:00,0,0,0,0.0,0,0,0,0,0,0,0,0,0,0,0,0,0,0,0,0,0,0,0,0,0,0,0,0,
1783652,Kauro,Mitoma,Brighton,2,MID,6.5,6.5,0,0000-00-00 00:00:00,0,0,0,0.0,0,0,0,0,0,0,0,0,0,0,0,0,0,0,0,0,0,0,0,0,0,0,0,0,
2867399,Mykhailo,Mudryk,Chelsea,2,MID,6.5,6.5,0,0000-00-00 00:00:00,0,0,0,0.0,0,0,0,0,0,0,0,0,0,0,0,0,0,0,0,0,0,0,0,0,0,0,0,0,
3556539,Rodrigo,Muniz,Fulham,3,FOR,6.5,6.5,0,0000-00-00 00:00:00,0,0,0,0.0,0,0,0,0,0,0,0,0,0,0,0,0,0,0,0,0,0,0,0,0,0,0,0,0,
3647914,Jeremy,Doku,Manchester City,2,MID,6.5,6.5,0,0000-00-00 00:00:00,0,0,0,0.0,0,0,0,0,0,0,0,0,0,0,0,0,0,0,0,0,0,0,0,0,0,0,0,0,
3743037,Timo,Werner,Spurs,2,MID,6.5,6.5,0,0000-00-00 00:00:00,0,0,0,0.0,0,0,0,0,0,0,0,0,0,0,0,0,0,0,0,0,0,0,0,0,0,0,0,0,
3893805,Joshua,Zirkzee,Manchester United,3,FOR,6.5,6.5,0,0000-00-00 00:00:00,0,0,0,0.0,0,0,0,0,0,0,0,0,0,0,0,0,0,0,0,0,0,0,0,0,0,0,0,0,
3894951,,Savio,Manchester City,2,MID,6.5,6.5,0,0000-00-00 00:00:00,0,0,0,0.0,0,0,0,0,0,0,0,0,0,0,0,0,0,0,0,0,0,0,0,0,0,0,0,0,
23097,Jamie,Vardy,Leicester,3,FOR,6.0,6.0,0,0000-00-00 00:00:00,0,0,0,0.0,0,0,0,0,0,0,0,0,0,0,0,0,0,0,0,0,0,0,0,0,0,0,0,0,
23238,Virgil,van Dijk,Liverpool,1,DEF,6.0,6.0,0,0000-00-00 00:00:00,0,0,0,0.0,0,0,0,0,0,0,0,0,0,0,0,0,0,0,0,0,0,0,0,0,0,0,0,0,
23260,Kyle,Walker,Manchester City,1,DEF,6.0,6.0,0,0000-00-00 00:00:00,0,0,0,0.0,0,0,0,0,0,0,0,0,0,0,0,0,0,0,0,0,0,0,0,0,0,0,0,0,
23346,Nathan,Ake,Manchester City,1,DEF,6.0,6.0,0,0000-00-00 00:00:00,0,0,0,0.0,0,0,0,0,0,0,0,0,0,0,0,0,0,0,0,0,0,0,0,0,0,0,0,0,
23492,Abdoulaye,Doucoure,Everton,2,MID,6.0,6.0,0,0000-00-00 00:00:00,0,0,0,0.0,0,0,0,0,0,0,0,0,0,0,0,0,0,0,0,0,0,0,0,0,0,0,0,0,
23550,Michail,Antonio,West Ham,3,FOR,6.0,6.0,0,0000-00-00 00:00:00,0,0,0,0.0,0,0,0,0,0,0,0,0,0,0,0,0,0,0,0,0,0,0,0,0,0,0,0,0,
35701,Jordan,Ayew,Crystal Palace,2,MID,6.0,6.0,0,0000-00-00 00:00:00,0,0,0,0.0,0,0,0,0,0,0,0,0,0,0,0,0,0,0,0,0,0,0,0,0,0,0,0,0,
40266,Dominic,Calvert-Lewin,Everton,3,FOR,6.0,6.0,0,0000-00-00 00:00:00,0,0,0,0.0,0,0,0,0,0,0,0,0,0,0,0,0,0,0,0,0,0,0,0,0,0,0,0,0,
45018,Solly,March,Brighton,2,MID,6.0,6.0,0,0000-00-00 00:00:00,0,0,0,0.0,0,0,0,0,0,0,0,0,0,0,0,0,0,0,0,0,0,0,0,0,0,0,0,0,
45113,,Ederson,Manchester City,0,GK,6.0,6.0,0,0000-00-00 00:00:00,0,0,0,0.0,0,0,0,0,0,0,0,0,0,0,0,0,0,0,0,0,0,0,0,0,0,0,0,0,
45120,Andrew,Robertson,Liverpool,1,DEF,6.0,6.0,0,0000-00-00 00:00:00,0,0,0,0.0,0,0,0,0,0,0,0,0,0,0,0,0,0,0,0,0,0,0,0,0,0,0,0,0,
76982,Eddie,Nketiah,Arsenal,3,FOR,6.0,6.0,0,0000-00-00 00:00:00,0,0,0,0.0,0,0,0,0,0,0,0,0,0,0,0,0,0,0,0,0,0,0,0,0,0,0,0,0,
90826,Becker,Alisson,Liverpool,0,GK,6.0,6.0,0,0000-00-00 00:00:00,0,0,0,0.0,0,0,0,0,0,0,0,0,0,0,0,0,0,0,0,0,0,0,0,0,0,0,0,0,
91161,Fabian,Schar,Newcastle,1,DEF,6.0,6.0,0,0000-00-00 00:00:00,0,0,0,0.0,0,0,0,0,0,0,0,0,0,0,0,0,0,0,0,0,0,0,0,0,0,0,0,0,
96761,Dwight,McNeil,Everton,2,MID,6.0,6.0,0,0000-00-00 00:00:00,0,0,0,0.0,0,0,0,0,0,0,0,0,0,0,0,0,0,0,0,0,0,0,0,0,0,0,0,0,
110898,Miguel,Almiron,Newcastle,2,MID,6.0,6.0,0,0000-00-00 00:00:00,0,0,0,0.0,0,0,0,0,0,0,0,0,0,0,0,0,0,0,0,0,0,0,0,0,0,0,0,0,
131333,John,McGinn,Aston Villa,2,MID,6.0,6.0,0,0000-00-00 00:00:00,0,0,0,0.0,0,0,0,0,0,0,0,0,0,0,0,0,0,0,0,0,0,0,0,0,0,0,0,0,
139802,Mason,Mount,Manchester United,2,MID,6.0,6.0,0,0000-00-00 00:00:00,0,0,0,0.0,0,0,0,0,0,0,0,0,0,0,0,0,0,0,0,0,0,0,0,0,0,0,0,0,
139835,Joao,Cancelo,Manchester City,1,DEF,6.0,6.0,0,0000-00-00 00:00:00,0,0,0,0.0,0,0,0,0,0,0,0,0,0,0,0,0,0,0,0,0,0,0,0,0,0,0,0,0,
163914,Alexis,Mac Allister,Liverpool,2,MID,6.0,6.0,0,0000-00-00 00:00:00,0,0,0,0.0,0,0,0,0,0,0,0,0,0,0,0,0,0,0,0,0,0,0,0,0,0,0,0,0,
164449,Joao,Pedro,Brighton,3,FOR,6.0,6.0,0,0000-00-00 00:00:00,0,0,0,0.0,0,0,0,0,0,0,0,0,0,0,0,0,0,0,0,0,0,0,0,0,0,0,0,0,
181081,,Gabriel,Arsenal,1,DEF,6.0,6.0,0,0000-00-00 00:00:00,0,0,0,0.0,0,0,0,0,0,0,0,0,0,0,0,0,0,0,0,0,0,0,0,0,0,0,0,0,
186737,Ruben,Dias,Manchester City,1,DEF,6.0,6.0,0,0000-00-00 00:00:00,0,0,0,0.0,0,0,0,0,0,0,0,0,0,0,0,0,0,0,0,0,0,0,0,0,0,0,0,0,
192208,David,Raya,Arsenal,0,GK,6.0,6.0,0,0000-00-00 00:00:00,0,0,0,0.0,0,0,0,0,0,0,0,0,0,0,0,0,0,0,0,0,0,0,0,0,0,0,0,0,
219749,Anthony,Elanga,Nottingham Forest,2,MID,6.0,6.0,0,0000-00-00 00:00:00,0,0,0,0.0,0,0,0,0,0,0,0,0,0,0,0,0,0,0,0,0,0,0,0,0,0,0,0,0,
241953,Harvey,Elliott,Liverpool,2,MID,6.0,6.0,0,0000-00-00 00:00:00,0,0,0,0.0,0,0,0,0,0,0,0,0,0,0,0,0,0,0,0,0,0,0,0,0,0,0,0,0,
242878,Kiernan,Dewsbury-Hall,Chelsea,2,MID,6.0,6.0,0,0000-00-00 00:00:00,0,0,0,0.0,0,0,0,0,0,0,0,0,0,0,0,0,0,0,0,0,0,0,0,0,0,0,0,0,
242879,Adam,A.Armstrong,Southampton,3,FOR,6.0,6.0,0,0000-00-00 00:00:00,0,0,0,0.0,0,0,0,0,0,0,0,0,0,0,0,0,0,0,0,0,0,0,0,0,0,0,0,0,
242909,Andreas,Pereira,Fulham,2,MID,6.0,6.0,0,0000-00-00 00:00:00,0,0,0,0.0,0,0,0,0,0,0,0,0,0,0,0,0,0,0,0,0,0,0,0,0,0,0,0,0,
278659,Kieran,Trippier,Newcastle,1,DEF,6.0,6.0,0,0000-00-00 00:00:00,0,0,0,0.0,0,0,0,0,0,0,0,0,0,0,0,0,0,0,0,0,0,0,0,0,0,0,0,0,
426576,Evan,Ferguson,Brighton,3,FOR,6.0,6.0,0,0000-00-00 00:00:00,0,0,0,0.0,0,0,0,0,0,0,0,0,0,0,0,0,0,0,0,0,0,0,0,0,0,0,0,0,
1677493,William,Saliba,Arsenal,1,DEF,6.0,6.0,0,0000-00-00 00:00:00,0,0,0,0.0,0,0,0,0,0,0,0,0,0,0,0,0,0,0,0,0,0,0,0,0,0,0,0,0,
1727417,Taiwo,Awoniyi,Nottingham Forest,3,FOR,6.0,6.0,0,0000-00-00 00:00:00,0,0,0,0.0,0,0,0,0,0,0,0,0,0,0,0,0,0,0,0,0,0,0,0,0,0,0,0,0,
1727418,Simon,Adingra,Brighton,2,MID,6.0,6.0,0,0000-00-00 00:00:00,0,0,0,0.0,0,0,0,0,0,0,0,0,0,0,0,0,0,0,0,0,0,0,0,0,0,0,0,0,
1758326,Deniz,Undav,Brighton,3,FOR,6.0,6.0,0,0000-00-00 00:00:00,0,0,0,0.0,0,0,0,0,0,0,0,0,0,0,0,0,0,0,0,0,0,0,0,0,0,0,0,0,
2235927,Lucas,Paqueta,West Ham,2,MID,6.0,6.0,0,0000-00-00 00:00:00,0,0,0,0.0,0,0,0,0,0,0,0,0,0,0,0,0,0,0,0,0,0,0,0,0,0,0,0,0,
2258875,Manuel,Akanji,Manchester City,1,DEF,6.0,6.0,0,0000-00-00 00:00:00,0,0,0,0.0,0,0,0,0,0,0,0,0,0,0,0,0,0,0,0,0,0,0,0,0,0,0,0,0,
2871382,Pablo,Sarabia,Wolves,2,MID,6.0,6.0,0,0000-00-00 00:00:00,0,0,0,0.0,0,0,0,0,0,0,0,0,0,0,0,0,0,0,0,0,0,0,0,0,0,0,0,0,
2882403,Noni,Madueke,Chelsea,2,MID,6.0,6.0,0,0000-00-00 00:00:00,0,0,0,0.0,0,0,0,0,0,0,0,0,0,0,0,0,0,0,0,0,0,0,0,0,0,0,0,0,
2930166,Antoine,Semenyo,Bournemouth,2,MID,6.0,6.0,0,0000-00-00 00:00:00,0,0,0,0.0,0,0,0,0,0,0,0,0,0,0,0,0,0,0,0,0,0,0,0,0,0,0,0,0,
3584408,Justin,Kluivert,Bournemouth,2,MID,6.0,6.0,0,0000-00-00 00:00:00,0,0,0,0.0,0,0,0,0,0,0,0,0,0,0,0,0,0,0,0,0,0,0,0,0,0,0,0,0,
3590555,Dominik,Szoboszlai,Liverpool,2,MID,6.0,6.0,0,0000-00-00 00:00:00,0,0,0,0.0,0,0,0,0,0,0,0,0,0,0,0,0,0,0,0,0,0,0,0,0,0,0,0,0,
3634364,Josko,Gvardiol,Manchester City,1,DEF,6.0,6.0,0,0000-00-00 00:00:00,0,0,0,0.0,0,0,0,0,0,0,0,0,0,0,0,0,0,0,0,0,0,0,0,0,0,0,0,0,
3879484,Yan,Couto,Manchester City,1,DEF,6.0,6.0,0,0000-00-00 00:00:00,0,0,0,0.0,0,0,0,0,0,0,0,0,0,0,0,0,0,0,0,0,0,0,0,0,0,0,0,0,
3879507,Igor,Thiago,Brentford,3,FOR,6.0,6.0,0,0000-00-00 00:00:00,0,0,0,0.0,0,0,0,0,0,0,0,0,0,0,0,0,0,0,0,0,0,0,0,0,0,0,0,0,
3879519,Stephy,Mavididi,Leicester,2,MID,6.0,6.0,0,0000-00-00 00:00:00,0,0,0,0.0,0,0,0,0,0,0,0,0,0,0,0,0,0,0,0,0,0,0,0,0,0,0,0,0,
3879520,Issahaku,Fatawu,Leicester,2,MID,6.0,6.0,0,0000-00-00 00:00:00,0,0,0,0.0,0,0,0,0,0,0,0,0,0,0,0,0,0,0,0,0,0,0,0,0,0,0,0,0,
3879566,Conor,Chaplin,Ipswich,2,MID,6.0,6.0,0,0000-00-00 00:00:00,0,0,0,0.0,0,0,0,0,0,0,0,0,0,0,0,0,0,0,0,0,0,0,0,0,0,0,0,0,
23044,John,Stones,Manchester City,1,DEF,6.0,6.0,0,0000-00-00 00:00:00,0,0,0,0.0,0,0,0,0,0,0,0,0,0,0,0,0,0,0,0,0,0,0,0,0,0,0,0,0,
23120,Joe,Gomez,Liverpool,1,DEF,5.5,5.5,0,0000-00-00 00:00:00,0,0,0,0.0,0,0,0,0,0,0,0,0,0,0,0,0,0,0,0,0,0,0,0,0,0,0,0,0,
23134,Danny,Ings,West Ham,3,FOR,5.5,5.5,0,0000-00-00 00:00:00,0,0,0,0.0,0,0,0,0,0,0,0,0,0,0,0,0,0,0,0,0,0,0,0,0,0,0,0,0,
23148,Oleksandr,Zinchenko,Arsenal,1,DEF,5.5,5.5,0,0000-00-00 00:00:00,0,0,0,0.0,0,0,0,0,0,0,0,0,0,0,0,0,0,0,0,0,0,0,0,0,0,0,0,0,
23188,Luke,Shaw,Manchester United,1,DEF,5.5,5.5,0,0000-00-00 00:00:00,0,0,0,0.0,0,0,0,0,0,0,0,0,0,0,0,0,0,0,0,0,0,0,0,0,0,0,0,0,
23326,Alex,Iwobi,Fulham,2,MID,5.5,5.5,0,0000-00-00 00:00:00,0,0,0,0.0,0,0,0,0,0,0,0,0,0,0,0,0,0,0,0,0,0,0,0,0,0,0,0,0,
23331,Danny,Welbeck,Brighton,3,FOR,5.5,5.5,0,0000-00-00 00:00:00,0,0,0,0.0,0,0,0,0,0,0,0,0,0,0,0,0,0,0,0,0,0,0,0,0,0,0,0,0,
24083,Ben,Chilwell,Chelsea,1,DEF,5.5,5.5,0,0000-00-00 00:00:00,0,0,0,0.0,0,0,0,0,0,0,0,0,0,0,0,0,0,0,0,0,0,0,0,0,0,0,0,0,
24087,Nick,Pope,Newcastle,0,GK,5.5,5.5,0,0000-00-00 00:00:00,0,0,0,0.0,0,0,0,0,0,0,0,0,0,0,0,0,0,0,0,0,0,0,0,0,0,0,0,0,
40951,Scott,McTominay,Manchester United,2,MID,5.5,5.5,0,0000-00-00 00:00:00,0,0,0,0.0,0,0,0,0,0,0,0,0,0,0,0,0,0,0,0,0,0,0,0,0,0,0,0,0,
69539,Callum,Hudson-Odoi,Nottingham Forest,2,MID,5.5,5.5,0,0000-00-00 00:00:00,0,0,0,0.0,0,0,0,0,0,0,0,0,0,0,0,0,0,0,0,0,0,0,0,0,0,0,0,0,
77164,Reiss,Nelson,Arsenal,2,MID,5.5,5.5,0,0000-00-00 00:00:00,0,0,0,0.0,0,0,0,0,0,0,0,0,0,0,0,0,0,0,0,0,0,0,0,0,0,0,0,0,
88528,Raul,Jimenez,Fulham,3,FOR,5.5,5.5,0,0000-00-00 00:00:00,0,0,0,0.0,0,0,0,0,0,0,0,0,0,0,0,0,0,0,0,0,0,0,0,0,0,0,0,0,
92423,Dan,Burn,Newcastle,1,DEF,5.5,5.5,0,0000-00-00 00:00:00,0,0,0,0.0,0,0,0,0,0,0,0,0,0,0,0,0,0,0,0,0,0,0,0,0,0,0,0,0,
95817,Sean,Longstaff,Newcastle,2,MID,5.5,5.5,0,0000-00-00 00:00:00,0,0,0,0.0,0,0,0,0,0,0,0,0,0,0,0,0,0,0,0,0,0,0,0,0,0,0,0,0,
110910,Youri,Tielemans,Aston Villa,2,MID,5.5,5.5,0,0000-00-00 00:00:00,0,0,0,0.0,0,0,0,0,0,0,0,0,0,0,0,0,0,0,0,0,0,0,0,0,0,0,0,0,
137599,,Joelinton,Newcastle,2,MID,5.5,5.5,0,0000-00-00 00:00:00,0,0,0,0.0,0,0,0,0,0,0,0,0,0,0,0,0,0,0,0,0,0,0,0,0,0,0,0,0,
139797,Neal,Maupay,Everton,3,FOR,5.5,5.5,0,0000-00-00 00:00:00,0,0,0,0.0,0,0,0,0,0,0,0,0,0,0,0,0,0,0,0,0,0,0,0,0,0,0,0,0,
148332,Reece,James,Chelsea,1,DEF,5.5,5.5,0,0000-00-00 00:00:00,0,0,0,0.0,0,0,0,0,0,0,0,0,0,0,0,0,0,0,0,0,0,0,0,0,0,0,0,0,
160700,Tomas,Soucek,West Ham,2,MID,5.5,5.5,0,0000-00-00 00:00:00,0,0,0,0.0,0,0,0,0,0,0,0,0,0,0,0,0,0,0,0,0,0,0,0,0,0,0,0,0,
160975,Daniel,Podence,Wolves,2,MID,5.5,5.5,0,0000-00-00 00:00:00,0,0,0,0.0,0,0,0,0,0,0,0,0,0,0,0,0,0,0,0,0,0,0,0,0,0,0,0,0,
176658,Jack,Harrison,Everton,2,MID,5.5,5.5,0,0000-00-00 00:00:00,0,0,0,0.0,0,0,0,0,0,0,0,0,0,0,0,0,0,0,0,0,0,0,0,0,0,0,0,0,
3741356,Ben,Brereton Diaz,Southampton,2,MID,5.5,5.5,0,0000-00-00 00:00:00,0,0,0,0.0,0,0,0,0,0,0,0,0,0,0,0,0,0,0,0,0,0,0,0,0,0,0,0,0,
178132,Konstantinos,Tsimikas,Liverpool,1,DEF,5.5,5.5,0,0000-00-00 00:00:00,0,0,0,0.0,0,0,0,0,0,0,0,0,0,0,0,0,0,0,0,0,0,0,0,0,0,0,0,0,
185623,Jacob,Murphy,Newcastle,2,MID,5.5,5.5,0,0000-00-00 00:00:00,0,0,0,0.0,0,0,0,0,0,0,0,0,0,0,0,0,0,0,0,0,0,0,0,0,0,0,0,0,
186002,Jacob,Ramsey,Aston Villa,2,MID,5.5,5.5,0,0000-00-00 00:00:00,0,0,0,0.0,0,0,0,0,0,0,0,0,0,0,0,0,0,0,0,0,0,0,0,0,0,0,0,0,
192210,Mathias,Jensen,Brentford,2,MID,5.5,5.5,0,0000-00-00 00:00:00,0,0,0,0.0,0,0,0,0,0,0,0,0,0,0,0,0,0,0,0,0,0,0,0,0,0,0,0,0,
197966,Emile,Smith Rowe,Fulham,2,MID,5.5,5.5,0,0000-00-00 00:00:00,0,0,0,0.0,0,0,0,0,0,0,0,0,0,0,0,0,0,0,0,0,0,0,0,0,0,0,0,0,
203010,Moises,Caicedo,Chelsea,2,MID,5.5,5.5,0,0000-00-00 00:00:00,0,0,0,0.0,0,0,0,0,0,0,0,0,0,0,0,0,0,0,0,0,0,0,0,0,0,0,0,0,
225294,Patson,Daka,Leicester,3,FOR,5.5,5.5,0,0000-00-00 00:00:00,0,0,0,0.0,0,0,0,0,0,0,0,0,0,0,0,0,0,0,0,0,0,0,0,0,0,0,0,0,
225319,Ibrahima,Konate,Liverpool,1,DEF,5.5,5.5,0,0000-00-00 00:00:00,0,0,0,0.0,0,0,0,0,0,0,0,0,0,0,0,0,0,0,0,0,0,0,0,0,0,0,0,0,
225321,Emmanuel,Dennis,Nottingham Forest,3,FOR,5.5,5.5,0,0000-00-00 00:00:00,0,0,0,0.0,0,0,0,0,0,0,0,0,0,0,0,0,0,0,0,0,0,0,0,0,0,0,0,0,
231165,Bobby,De-Cordova Reid,Leicester,2,MID,5.5,5.5,0,0000-00-00 00:00:00,0,0,0,0.0,0,0,0,0,0,0,0,0,0,0,0,0,0,0,0,0,0,0,0,0,0,0,0,0,
234793,Harry,Wilson,Fulham,2,MID,5.5,5.5,0,0000-00-00 00:00:00,0,0,0,0.0,0,0,0,0,0,0,0,0,0,0,0,0,0,0,0,0,0,0,0,0,0,0,0,0,
242869,Armando,Broja,Chelsea,3,FOR,5.5,5.5,0,0000-00-00 00:00:00,0,0,0,0.0,0,0,0,0,0,0,0,0,0,0,0,0,0,0,0,0,0,0,0,0,0,0,0,0,
242907,Samuel,Edozie,Southampton,2,MID,5.5,5.5,0,0000-00-00 00:00:00,0,0,0,0.0,0,0,0,0,0,0,0,0,0,0,0,0,0,0,0,0,0,0,0,0,0,0,0,0,
242908,Diogo,Dalot,Manchester United,1,DEF,5.5,5.5,0,0000-00-00 00:00:00,0,0,0,0.0,0,0,0,0,0,0,0,0,0,0,0,0,0,0,0,0,0,0,0,0,0,0,0,0,
257274,Odsonne,Edouard,Crystal Palace,3,FOR,5.5,5.5,0,0000-00-00 00:00:00,0,0,0,0.0,0,0,0,0,0,0,0,0,0,0,0,0,0,0,0,0,0,0,0,0,0,0,0,0,
257276,Takehiro,Tomiyasu,Arsenal,1,DEF,5.5,5.5,0,0000-00-00 00:00:00,0,0,0,0.0,0,0,0,0,0,0,0,0,0,0,0,0,0,0,0,0,0,0,0,0,0,0,0,0,
283053,Christian,Eriksen,Manchester United,2,MID,5.5,5.5,0,0000-00-00 00:00:00,0,0,0,0.0,0,0,0,0,0,0,0,0,0,0,0,0,0,0,0,0,0,0,0,0,0,0,0,0,
1681493,Fabio,Vieira,Arsenal,2,MID,5.5,5.5,0,0000-00-00 00:00:00,0,0,0,0.0,0,0,0,0,0,0,0,0,0,0,0,0,0,0,0,0,0,0,0,0,0,0,0,0,
1695163,Julio,Enciso,Brighton,2,MID,5.5,5.5,0,0000-00-00 00:00:00,0,0,0,0.0,0,0,0,0,0,0,0,0,0,0,0,0,0,0,0,0,0,0,0,0,0,0,0,0,
1758327,Stefan,Ortega,Manchester City,0,GK,5.5,5.5,0,0000-00-00 00:00:00,0,0,0,0.0,0,0,0,0,0,0,0,0,0,0,0,0,0,0,0,0,0,0,0,0,0,0,0,0,
1863450,Sekou,Mara,Southampton,3,FOR,5.5,5.5,0,0000-00-00 00:00:00,0,0,0,0.0,0,0,0,0,0,0,0,0,0,0,0,0,0,0,0,0,0,0,0,0,0,0,0,0,
1954998,Marcus,Tavernier,Bournemouth,2,MID,5.5,5.5,0,0000-00-00 00:00:00,0,0,0,0.0,0,0,0,0,0,0,0,0,0,0,0,0,0,0,0,0,0,0,0,0,0,0,0,0,
2170280,,Casemiro,Manchester United,2,MID,5.5,5.5,0,0000-00-00 00:00:00,0,0,0,0.0,0,0,0,0,0,0,0,0,0,0,0,0,0,0,0,0,0,0,0,0,0,0,0,0,
2229322,,Antony,Manchester United,2,MID,5.5,5.5,0,0000-00-00 00:00:00,0,0,0,0.0,0,0,0,0,0,0,0,0,0,0,0,0,0,0,0,0,0,0,0,0,0,0,0,0,
2268237,,Willian,Fulham,2,MID,5.5,5.5,0,0000-00-00 00:00:00,0,0,0,0.0,0,0,0,0,0,0,0,0,0,0,0,0,0,0,0,0,0,0,0,0,0,0,0,0,
2818756,David Datro,Fofana,Chelsea,3,FOR,5.5,5.5,0,0000-00-00 00:00:00,0,0,0,0.0,0,0,0,0,0,0,0,0,0,0,0,0,0,0,0,0,0,0,0,0,0,0,0,0,
2833740,Kevin,Schade,Brentford,2,MID,5.5,5.5,0,0000-00-00 00:00:00,0,0,0,0.0,0,0,0,0,0,0,0,0,0,0,0,0,0,0,0,0,0,0,0,0,0,0,0,0,
2882401,Jhon,Duran,Aston Villa,3,FOR,5.5,5.5,0,0000-00-00 00:00:00,0,0,0,0.0,0,0,0,0,0,0,0,0,0,0,0,0,0,0,0,0,0,0,0,0,0,0,0,0,
2893237,Jakub,Kiwior,Arsenal,1,DEF,5.5,5.5,0,0000-00-00 00:00:00,0,0,0,0.0,0,0,0,0,0,0,0,0,0,0,0,0,0,0,0,0,0,0,0,0,0,0,0,0,
2930177,Pedro,Porro,Spurs,1,DEF,5.5,5.5,0,0000-00-00 00:00:00,0,0,0,0.0,0,0,0,0,0,0,0,0,0,0,0,0,0,0,0,0,0,0,0,0,0,0,0,0,
2930183,Enzo,Fernandez,Chelsea,2,MID,5.5,5.5,0,0000-00-00 00:00:00,0,0,0,0.0,0,0,0,0,0,0,0,0,0,0,0,0,0,0,0,0,0,0,0,0,0,0,0,0,
3556528,Malo,Gusto,Chelsea,1,DEF,5.5,5.5,0,0000-00-00 00:00:00,0,0,0,0.0,0,0,0,0,0,0,0,0,0,0,0,0,0,0,0,0,0,0,0,0,0,0,0,0,
3627958,Jurrien,Timber,Arsenal,1,DEF,5.5,5.5,0,0000-00-00 00:00:00,0,0,0,0.0,0,0,0,0,0,0,0,0,0,0,0,0,0,0,0,0,0,0,0,0,0,0,0,0,
3628569,Andre,Onana,Manchester United,0,GK,5.5,5.5,0,0000-00-00 00:00:00,0,0,0,0.0,0,0,0,0,0,0,0,0,0,0,0,0,0,0,0,0,0,0,0,0,0,0,0,0,
3652667,Oscar,Bobb,Manchester City,2,MID,5.5,5.5,0,0000-00-00 00:00:00,0,0,0,0.0,0,0,0,0,0,0,0,0,0,0,0,0,0,0,0,0,0,0,0,0,0,0,0,0,
3715024,Kobbie,Mainoo,Manchester United,2,MID,5.5,5.5,0,0000-00-00 00:00:00,0,0,0,0.0,0,0,0,0,0,0,0,0,0,0,0,0,0,0,0,0,0,0,0,0,0,0,0,0,
3744084,Conor,Bradley,Liverpool,1,DEF,5.5,5.5,0,0000-00-00 00:00:00,0,0,0,0.0,0,0,0,0,0,0,0,0,0,0,0,0,0,0,0,0,0,0,0,0,0,0,0,0,
3763425,Enes,Unal,Bournemouth,3,FOR,5.5,5.5,0,0000-00-00 00:00:00,0,0,0,0.0,0,0,0,0,0,0,0,0,0,0,0,0,0,0,0,0,0,0,0,0,0,0,0,0,
3879485,Issa,Kabore,Manchester City,1,DEF,5.5,5.5,0,0000-00-00 00:00:00,0,0,0,0.0,0,0,0,0,0,0,0,0,0,0,0,0,0,0,0,0,0,0,0,0,0,0,0,0,
3879498,Daichi,Kamada,Crystal Palace,2,MID,5.5,5.5,0,0000-00-00 00:00:00,0,0,0,0.0,0,0,0,0,0,0,0,0,0,0,0,0,0,0,0,0,0,0,0,0,0,0,0,0,
3879514,Will,Smallbone,Southampton,2,MID,5.5,5.5,0,0000-00-00 00:00:00,0,0,0,0.0,0,0,0,0,0,0,0,0,0,0,0,0,0,0,0,0,0,0,0,0,0,0,0,0,
3879563,Nathan,Broadhead,Ipswich,2,MID,5.5,5.5,0,0000-00-00 00:00:00,0,0,0,0.0,0,0,0,0,0,0,0,0,0,0,0,0,0,0,0,0,0,0,0,0,0,0,0,0,
3879579,Omari,Hutchinson,Ipswich,2,MID,5.5,5.5,0,0000-00-00 00:00:00,0,0,0,0.0,0,0,0,0,0,0,0,0,0,0,0,0,0,0,0,0,0,0,0,0,0,0,0,0,
3893792,Jorgen Strand,Larsen,Wolves,3,FOR,5.5,5.5,0,0000-00-00 00:00:00,0,0,0,0.0,0,0,0,0,0,0,0,0,0,0,0,0,0,0,0,0,0,0,0,0,0,0,0,0,
3893793,Iliman,Ndiaye,Everton,3,FOR,5.5,5.5,0,0000-00-00 00:00:00,0,0,0,0.0,0,0,0,0,0,0,0,0,0,0,0,0,0,0,0,0,0,0,0,0,0,0,0,0,
3893803,Liam,Delap,Ipswich,3,FOR,5.5,5.5,0,0000-00-00 00:00:00,0,0,0,0.0,0,0,0,0,0,0,0,0,0,0,0,0,0,0,0,0,0,0,0,0,0,0,0,0,
3895028,Jaden,Philogene,Aston Villa,2,MID,5.5,5.5,0,0000-00-00 00:00:00,0,0,0,0.0,0,0,0,0,0,0,0,0,0,0,0,0,0,0,0,0,0,0,0,0,0,0,0,0,
3907046,Riccardo,Calafiori,Arsenal,1,DEF,5.5,5.5,0,0000-00-00 00:00:00,0,0,0,0.0,0,0,0,0,0,0,0,0,0,0,0,0,0,0,0,0,0,0,0,0,0,0,0,0,
23076,Harry,Maguire,Manchester United,1,DEF,5.0,5.0,0,0000-00-00 00:00:00,0,0,0,0.0,0,0,0,0,0,0,0,0,0,0,0,0,0,0,0,0,0,0,0,0,0,0,0,0,
23103,Jeffrey,Schlupp,Crystal Palace,2,MID,5.0,5.0,0,0000-00-00 00:00:00,0,0,0,0.0,0,0,0,0,0,0,0,0,0,0,0,0,0,0,0,0,0,0,0,0,0,0,0,0,
23433,Jordan,Pickford,Everton,0,GK,5.0,5.0,0,0000-00-00 00:00:00,0,0,0,0.0,0,0,0,0,0,0,0,0,0,0,0,0,0,0,0,0,0,0,0,0,0,0,0,0,
33589,Onyinye Wilfred,Ndidi,Leicester,2,MID,5.0,5.0,0,0000-00-00 00:00:00,0,0,0,0.0,0,0,0,0,0,0,0,0,0,0,0,0,0,0,0,0,0,0,0,0,0,0,0,0,
45072,Jamaal,Lascelles,Newcastle,1,DEF,5.0,5.0,0,0000-00-00 00:00:00,0,0,0,0.0,0,0,0,0,0,0,0,0,0,0,0,0,0,0,0,0,0,0,0,0,0,0,0,0,
77662,Martin,Dubravka,Newcastle,0,GK,5.0,5.0,0,0000-00-00 00:00:00,0,0,0,0.0,0,0,0,0,0,0,0,0,0,0,0,0,0,0,0,0,0,0,0,0,0,0,0,0,
84632,Joe,Willock,Newcastle,2,MID,5.0,5.0,0,0000-00-00 00:00:00,0,0,0,0.0,0,0,0,0,0,0,0,0,0,0,0,0,0,0,0,0,0,0,0,0,0,0,0,0,
88472,Bernd,Leno,Fulham,0,GK,5.0,5.0,0,0000-00-00 00:00:00,0,0,0,0.0,0,0,0,0,0,0,0,0,0,0,0,0,0,0,0,0,0,0,0,0,0,0,0,0,
88639,,Jorginho,Arsenal,2,MID,5.0,5.0,0,0000-00-00 00:00:00,0,0,0,0.0,0,0,0,0,0,0,0,0,0,0,0,0,0,0,0,0,0,0,0,0,0,0,0,0,
91483,Lucas,Digne,Aston Villa,1,DEF,5.0,5.0,0,0000-00-00 00:00:00,0,0,0,0.0,0,0,0,0,0,0,0,0,0,0,0,0,0,0,0,0,0,0,0,0,0,0,0,0,
92389,Mateo,Kovacic,Manchester City,2,MID,5.0,5.0,0,0000-00-00 00:00:00,0,0,0,0.0,0,0,0,0,0,0,0,0,0,0,0,0,0,0,0,0,0,0,0,0,0,0,0,0,
92390,Kepa,Arrizabalaga,Chelsea,0,GK,5.0,5.0,0,0000-00-00 00:00:00,0,0,0,0.0,0,0,0,0,0,0,0,0,0,0,0,0,0,0,0,0,0,0,0,0,0,0,0,0,
131313,Emiliano,Martinez,Aston Villa,0,GK,5.0,5.0,0,0000-00-00 00:00:00,0,0,0,0.0,0,0,0,0,0,0,0,0,0,0,0,0,0,0,0,0,0,0,0,0,0,0,0,0,
131314,Tyrone,Mings,Aston Villa,1,DEF,5.0,5.0,0,0000-00-00 00:00:00,0,0,0,0.0,0,0,0,0,0,0,0,0,0,0,0,0,0,0,0,0,0,0,0,0,0,0,0,0,
134708,Ezri,Konsa,Aston Villa,1,DEF,5.0,5.0,0,0000-00-00 00:00:00,0,0,0,0.0,0,0,0,0,0,0,0,0,0,0,0,0,0,0,0,0,0,0,0,0,0,0,0,0,
139989,Kieran,Tierney,Arsenal,1,DEF,5.0,5.0,0,0000-00-00 00:00:00,0,0,0,0.0,0,0,0,0,0,0,0,0,0,0,0,0,0,0,0,0,0,0,0,0,0,0,0,0,
140028,Caoimhin,Kelleher,Liverpool,0,GK,5.0,5.0,0,0000-00-00 00:00:00,0,0,0,0.0,0,0,0,0,0,0,0,0,0,0,0,0,0,0,0,0,0,0,0,0,0,0,0,0,
140080,Aaron,Ramsdale,Arsenal,0,GK,5.0,5.0,0,0000-00-00 00:00:00,0,0,0,0.0,0,0,0,0,0,0,0,0,0,0,0,0,0,0,0,0,0,0,0,0,0,0,0,0,
144450,Billy,Gilmour,Brighton,2,MID,5.0,5.0,0,0000-00-00 00:00:00,0,0,0,0.0,0,0,0,0,0,0,0,0,0,0,0,0,0,0,0,0,0,0,0,0,0,0,0,0,
154682,Curtis,Jones,Liverpool,2,MID,5.0,5.0,0,0000-00-00 00:00:00,0,0,0,0.0,0,0,0,0,0,0,0,0,0,0,0,0,0,0,0,0,0,0,0,0,0,0,0,0,
176648,Kalvin,Phillips,Manchester City,2,MID,5.0,5.0,0,0000-00-00 00:00:00,0,0,0,0.0,0,0,0,0,0,0,0,0,0,0,0,0,0,0,0,0,0,0,0,0,0,0,0,0,
181873,Matty,Cash,Aston Villa,1,DEF,5.0,5.0,0,0000-00-00 00:00:00,0,0,0,0.0,0,0,0,0,0,0,0,0,0,0,0,0,0,0,0,0,0,0,0,0,0,0,0,0,
182752,Fabio,Silva,Wolves,3,FOR,5.0,5.0,0,0000-00-00 00:00:00,0,0,0,0.0,0,0,0,0,0,0,0,0,0,0,0,0,0,0,0,0,0,0,0,0,0,0,0,0,
184661,Sergio,Reguilon,Spurs,1,DEF,5.0,5.0,0,0000-00-00 00:00:00,0,0,0,0.0,0,0,0,0,0,0,0,0,0,0,0,0,0,0,0,0,0,0,0,0,0,0,0,0,
186823,Wesley,Fofana,Chelsea,1,DEF,5.0,5.0,0,0000-00-00 00:00:00,0,0,0,0.0,0,0,0,0,0,0,0,0,0,0,0,0,0,0,0,0,0,0,0,0,0,0,0,0,
187806,Thomas,Partey,Arsenal,2,MID,5.0,5.0,0,0000-00-00 00:00:00,0,0,0,0.0,0,0,0,0,0,0,0,0,0,0,0,0,0,0,0,0,0,0,0,0,0,0,0,0,
192201,Christian,Norgaard,Brentford,2,MID,5.0,5.0,0,0000-00-00 00:00:00,0,0,0,0.0,0,0,0,0,0,0,0,0,0,0,0,0,0,0,0,0,0,0,0,0,0,0,0,0,
192211,Vitaly,Janelt,Brentford,2,MID,5.0,5.0,0,0000-00-00 00:00:00,0,0,0,0.0,0,0,0,0,0,0,0,0,0,0,0,0,0,0,0,0,0,0,0,0,0,0,0,0,
192735,Emiliano,Buendia,Aston Villa,2,MID,5.0,5.0,0,0000-00-00 00:00:00,0,0,0,0.0,0,0,0,0,0,0,0,0,0,0,0,0,0,0,0,0,0,0,0,0,0,0,0,0,
192988,Robert,Sanchez,Chelsea,0,GK,5.0,5.0,0,0000-00-00 00:00:00,0,0,0,0.0,0,0,0,0,0,0,0,0,0,0,0,0,0,0,0,0,0,0,0,0,0,0,0,0,
198784,Amad,Diallo,Manchester United,2,MID,5.0,5.0,0,0000-00-00 00:00:00,0,0,0,0.0,0,0,0,0,0,0,0,0,0,0,0,0,0,0,0,0,0,0,0,0,0,0,0,0,
221680,Carney,Chukwuemeka,Chelsea,2,MID,5.0,5.0,0,0000-00-00 00:00:00,0,0,0,0.0,0,0,0,0,0,0,0,0,0,0,0,0,0,0,0,0,0,0,0,0,0,0,0,0,
230736,Lloyd,Kelly,Newcastle,1,DEF,5.0,5.0,0,0000-00-00 00:00:00,0,0,0,0.0,0,0,0,0,0,0,0,0,0,0,0,0,0,0,0,0,0,0,0,0,0,0,0,0,
230745,Philip,Billing,Bournemouth,2,MID,5.0,5.0,0,0000-00-00 00:00:00,0,0,0,0.0,0,0,0,0,0,0,0,0,0,0,0,0,0,0,0,0,0,0,0,0,0,0,0,0,
230747,Lewis,Cook,Bournemouth,2,MID,5.0,5.0,0,0000-00-00 00:00:00,0,0,0,0.0,0,0,0,0,0,0,0,0,0,0,0,0,0,0,0,0,0,0,0,0,0,0,0,0,
231147,Tosin,Adarabioyo,Chelsea,1,DEF,5.0,5.0,0,0000-00-00 00:00:00,0,0,0,0.0,0,0,0,0,0,0,0,0,0,0,0,0,0,0,0,0,0,0,0,0,0,0,0,0,
231161,Tom,Cairney,Fulham,2,MID,5.0,5.0,0,0000-00-00 00:00:00,0,0,0,0.0,0,0,0,0,0,0,0,0,0,0,0,0,0,0,0,0,0,0,0,0,0,0,0,0,
231167,Fabio,Carvalho,Liverpool,2,MID,5.0,5.0,0,0000-00-00 00:00:00,0,0,0,0.0,0,0,0,0,0,0,0,0,0,0,0,0,0,0,0,0,0,0,0,0,0,0,0,0,
237976,Tino,Livramento,Newcastle,1,DEF,5.0,5.0,0,0000-00-00 00:00:00,0,0,0,0.0,0,0,0,0,0,0,0,0,0,0,0,0,0,0,0,0,0,0,0,0,0,0,0,0,
241952,Cristian,Romero,Spurs,1,DEF,5.0,5.0,0,0000-00-00 00:00:00,0,0,0,0.0,0,0,0,0,0,0,0,0,0,0,0,0,0,0,0,0,0,0,0,0,0,0,0,0,
242875,Jarrad,Branthwaite,Everton,1,DEF,5.0,5.0,0,0000-00-00 00:00:00,0,0,0,0.0,0,0,0,0,0,0,0,0,0,0,0,0,0,0,0,0,0,0,0,0,0,0,0,0,
255546,James,Garner,Everton,2,MID,5.0,5.0,0,0000-00-00 00:00:00,0,0,0,0.0,0,0,0,0,0,0,0,0,0,0,0,0,0,0,0,0,0,0,0,0,0,0,0,0,
257179,Marc,Cucurella,Chelsea,1,DEF,5.0,5.0,0,0000-00-00 00:00:00,0,0,0,0.0,0,0,0,0,0,0,0,0,0,0,0,0,0,0,0,0,0,0,0,0,0,0,0,0,
258290,Ryan,Christie,Bournemouth,2,MID,5.0,5.0,0,0000-00-00 00:00:00,0,0,0,0.0,0,0,0,0,0,0,0,0,0,0,0,0,0,0,0,0,0,0,0,0,0,0,0,0,
262883,Jay,Stansfield,Fulham,3,FOR,5.0,5.0,0,0000-00-00 00:00:00,0,0,0,0.0,0,0,0,0,0,0,0,0,0,0,0,0,0,0,0,0,0,0,0,0,0,0,0,0,
1727421,Sven,Botman,Newcastle,1,DEF,5.0,5.0,0,0000-00-00 00:00:00,0,0,0,0.0,0,0,0,0,0,0,0,0,0,0,0,0,0,0,0,0,0,0,0,0,0,0,0,0,
1783649,Cameron,Archer,Aston Villa,3,FOR,5.0,5.0,0,0000-00-00 00:00:00,0,0,0,0.0,0,0,0,0,0,0,0,0,0,0,0,0,0,0,0,0,0,0,0,0,0,0,0,0,
1783664,Papa Matar,Sarr,Spurs,2,MID,5.0,5.0,0,0000-00-00 00:00:00,0,0,0,0.0,0,0,0,0,0,0,0,0,0,0,0,0,0,0,0,0,0,0,0,0,0,0,0,0,
1783667,Luis,Sinisterra,Bournemouth,2,MID,5.0,5.0,0,0000-00-00 00:00:00,0,0,0,0.0,0,0,0,0,0,0,0,0,0,0,0,0,0,0,0,0,0,0,0,0,0,0,0,0,
1814996,Keane,Lewis-Potter,Brentford,2,MID,5.0,5.0,0,0000-00-00 00:00:00,0,0,0,0.0,0,0,0,0,0,0,0,0,0,0,0,0,0,0,0,0,0,0,0,0,0,0,0,0,
1818085,Lisandro,Martinez,Manchester United,1,DEF,5.0,5.0,0,0000-00-00 00:00:00,0,0,0,0.0,0,0,0,0,0,0,0,0,0,0,0,0,0,0,0,0,0,0,0,0,0,0,0,0,
1897014,Manor,Solomon,Spurs,2,MID,5.0,5.0,0,0000-00-00 00:00:00,0,0,0,0.0,0,0,0,0,0,0,0,0,0,0,0,0,0,0,0,0,0,0,0,0,0,0,0,0,
2018115,Marcos,Senesi,Bournemouth,1,DEF,5.0,5.0,0,0000-00-00 00:00:00,0,0,0,0.0,0,0,0,0,0,0,0,0,0,0,0,0,0,0,0,0,0,0,0,0,0,0,0,0,
2024700,Levi,Colwill,Chelsea,1,DEF,5.0,5.0,0,0000-00-00 00:00:00,0,0,0,0.0,0,0,0,0,0,0,0,0,0,0,0,0,0,0,0,0,0,0,0,0,0,0,0,0,
2050334,Goncalo,Guedes,Wolves,2,MID,5.0,5.0,0,0000-00-00 00:00:00,0,0,0,0.0,0,0,0,0,0,0,0,0,0,0,0,0,0,0,0,0,0,0,0,0,0,0,0,0,
2064482,Mikkel,Damsgaard,Brentford,2,MID,5.0,5.0,0,0000-00-00 00:00:00,0,0,0,0.0,0,0,0,0,0,0,0,0,0,0,0,0,0,0,0,0,0,0,0,0,0,0,0,0,
2087563,Rico,Lewis,Manchester City,1,DEF,5.0,5.0,0,0000-00-00 00:00:00,0,0,0,0.0,0,0,0,0,0,0,0,0,0,0,0,0,0,0,0,0,0,0,0,0,0,0,0,0,
2139824,Matheus,Nunes,Manchester City,2,MID,5.0,5.0,0,0000-00-00 00:00:00,0,0,0,0.0,0,0,0,0,0,0,0,0,0,0,0,0,0,0,0,0,0,0,0,0,0,0,0,0,
2253849,Sasa,Kalajdzic,Wolves,3,FOR,5.0,5.0,0,0000-00-00 00:00:00,0,0,0,0.0,0,0,0,0,0,0,0,0,0,0,0,0,0,0,0,0,0,0,0,0,0,0,0,0,
2268244,Carlos,Vinicius,Fulham,3,FOR,5.0,5.0,0,0000-00-00 00:00:00,0,0,0,0.0,0,0,0,0,0,0,0,0,0,0,0,0,0,0,0,0,0,0,0,0,0,0,0,0,
2707164,Thomas,Cannon,Leicester,3,FOR,5.0,5.0,0,0000-00-00 00:00:00,0,0,0,0.0,0,0,0,0,0,0,0,0,0,0,0,0,0,0,0,0,0,0,0,0,0,0,0,0,
2818757,Facundo,Buonanotte,Brighton,2,MID,5.0,5.0,0,0000-00-00 00:00:00,0,0,0,0.0,0,0,0,0,0,0,0,0,0,0,0,0,0,0,0,0,0,0,0,0,0,0,0,0,
2840078,Benoit,Badiashile,Chelsea,1,DEF,5.0,5.0,0,0000-00-00 00:00:00,0,0,0,0.0,0,0,0,0,0,0,0,0,0,0,0,0,0,0,0,0,0,0,0,0,0,0,0,0,
2859301,Mario,Lemina,Wolves,2,MID,5.0,5.0,0,0000-00-00 00:00:00,0,0,0,0.0,0,0,0,0,0,0,0,0,0,0,0,0,0,0,0,0,0,0,0,0,0,0,0,0,
2882402,Dango,Ouattara,Bournemouth,2,MID,5.0,5.0,0,0000-00-00 00:00:00,0,0,0,0.0,0,0,0,0,0,0,0,0,0,0,0,0,0,0,0,0,0,0,0,0,0,0,0,0,
2894846,Maximo,Perrone,Manchester City,2,MID,5.0,5.0,0,0000-00-00 00:00:00,0,0,0,0.0,0,0,0,0,0,0,0,0,0,0,0,0,0,0,0,0,0,0,0,0,0,0,0,0,
2930181,Kamaldeen,Sulemana,Southampton,2,MID,5.0,5.0,0,0000-00-00 00:00:00,0,0,0,0.0,0,0,0,0,0,0,0,0,0,0,0,0,0,0,0,0,0,0,0,0,0,0,0,0,
2930182,Paul,Onuachu,Southampton,3,FOR,5.0,5.0,0,0000-00-00 00:00:00,0,0,0,0.0,0,0,0,0,0,0,0,0,0,0,0,0,0,0,0,0,0,0,0,0,0,0,0,0,
3556529,Destiny,Udogie,Spurs,1,DEF,5.0,5.0,0,0000-00-00 00:00:00,0,0,0,0.0,0,0,0,0,0,0,0,0,0,0,0,0,0,0,0,0,0,0,0,0,0,0,0,0,
3556530,Giovani,Lo Celso,Spurs,2,MID,5.0,5.0,0,0000-00-00 00:00:00,0,0,0,0.0,0,0,0,0,0,0,0,0,0,0,0,0,0,0,0,0,0,0,0,0,0,0,0,0,
3556541,Uj-jo,Hwang,Nottingham Forest,3,FOR,5.0,5.0,0,0000-00-00 00:00:00,0,0,0,0.0,0,0,0,0,0,0,0,0,0,0,0,0,0,0,0,0,0,0,0,0,0,0,0,0,
3584360,Daniel,Jebbison,Bournemouth,3,FOR,5.0,5.0,0,0000-00-00 00:00:00,0,0,0,0.0,0,0,0,0,0,0,0,0,0,0,0,0,0,0,0,0,0,0,0,0,0,0,0,0,
3584409,Guglielmo,Vicario,Spurs,0,GK,5.0,5.0,0,0000-00-00 00:00:00,0,0,0,0.0,0,0,0,0,0,0,0,0,0,0,0,0,0,0,0,0,0,0,0,0,0,0,0,0,
3591232,Sandro,Tonali,Newcastle,2,MID,5.0,5.0,0,0000-00-00 00:00:00,0,0,0,0.0,0,0,0,0,0,0,0,0,0,0,0,0,0,0,0,0,0,0,0,0,0,0,0,0,
3627877,Pau,Torres,Aston Villa,1,DEF,5.0,5.0,0,0000-00-00 00:00:00,0,0,0,0.0,0,0,0,0,0,0,0,0,0,0,0,0,0,0,0,0,0,0,0,0,0,0,0,0,
3629422,Ian,Maatsen,Aston Villa,1,DEF,5.0,5.0,0,0000-00-00 00:00:00,0,0,0,0.0,0,0,0,0,0,0,0,0,0,0,0,0,0,0,0,0,0,0,0,0,0,0,0,0,
3634178,Axel,Disasi,Chelsea,1,DEF,5.0,5.0,0,0000-00-00 00:00:00,0,0,0,0.0,0,0,0,0,0,0,0,0,0,0,0,0,0,0,0,0,0,0,0,0,0,0,0,0,
3634426,Matheus,Franca,Crystal Palace,2,MID,5.0,5.0,0,0000-00-00 00:00:00,0,0,0,0.0,0,0,0,0,0,0,0,0,0,0,0,0,0,0,0,0,0,0,0,0,0,0,0,0,
3638005,Micky,van de Ven,Spurs,1,DEF,5.0,5.0,0,0000-00-00 00:00:00,0,0,0,0.0,0,0,0,0,0,0,0,0,0,0,0,0,0,0,0,0,0,0,0,0,0,0,0,0,
3638039,Alejo,Veliz,Spurs,3,FOR,5.0,5.0,0,0000-00-00 00:00:00,0,0,0,0.0,0,0,0,0,0,0,0,0,0,0,0,0,0,0,0,0,0,0,0,0,0,0,0,0,
3638248,Ross,Barkley,Aston Villa,2,MID,5.0,5.0,0,0000-00-00 00:00:00,0,0,0,0.0,0,0,0,0,0,0,0,0,0,0,0,0,0,0,0,0,0,0,0,0,0,0,0,0,
3638749,,Chermiti,Everton,3,FOR,5.0,5.0,0,0000-00-00 00:00:00,0,0,0,0.0,0,0,0,0,0,0,0,0,0,0,0,0,0,0,0,0,0,0,0,0,0,0,0,0,
3638859,James,McAtee,Manchester City,2,MID,5.0,5.0,0,0000-00-00 00:00:00,0,0,0,0.0,0,0,0,0,0,0,0,0,0,0,0,0,0,0,0,0,0,0,0,0,0,0,0,0,
3639047,Adama,Traore,Fulham,2,MID,5.0,5.0,0,0000-00-00 00:00:00,0,0,0,0.0,0,0,0,0,0,0,0,0,0,0,0,0,0,0,0,0,0,0,0,0,0,0,0,0,
3639127,Ben,Doak,Liverpool,2,MID,5.0,5.0,0,0000-00-00 00:00:00,0,0,0,0.0,0,0,0,0,0,0,0,0,0,0,0,0,0,0,0,0,0,0,0,0,0,0,0,0,
3643150,Wataru,Endo,Liverpool,2,MID,5.0,5.0,0,0000-00-00 00:00:00,0,0,0,0.0,0,0,0,0,0,0,0,0,0,0,0,0,0,0,0,0,0,0,0,0,0,0,0,0,
3647913,Deivid,Washington,Chelsea,3,FOR,5.0,5.0,0,0000-00-00 00:00:00,0,0,0,0.0,0,0,0,0,0,0,0,0,0,0,0,0,0,0,0,0,0,0,0,0,0,0,0,0,
3648390,Djordje,Petrovic,Chelsea,0,GK,5.0,5.0,0,0000-00-00 00:00:00,0,0,0,0.0,0,0,0,0,0,0,0,0,0,0,0,0,0,0,0,0,0,0,0,0,0,0,0,0,
3648589,Jarell,Quansah,Liverpool,1,DEF,5.0,5.0,0,0000-00-00 00:00:00,0,0,0,0.0,0,0,0,0,0,0,0,0,0,0,0,0,0,0,0,0,0,0,0,0,0,0,0,0,
3650885,,Beto,Everton,3,FOR,5.0,5.0,0,0000-00-00 00:00:00,0,0,0,0.0,0,0,0,0,0,0,0,0,0,0,0,0,0,0,0,0,0,0,0,0,0,0,0,0,
3651913,Altay,Bayindir,Manchester United,0,GK,5.0,5.0,0,0000-00-00 00:00:00,0,0,0,0.0,0,0,0,0,0,0,0,0,0,0,0,0,0,0,0,0,0,0,0,0,0,0,0,0,
3652436,Ryan,Gravenberch,Liverpool,2,MID,5.0,5.0,0,0000-00-00 00:00:00,0,0,0,0.0,0,0,0,0,0,0,0,0,0,0,0,0,0,0,0,0,0,0,0,0,0,0,0,0,
3652437,Odysseas,Vlachodimos,Newcastle,0,GK,5.0,5.0,0,0000-00-00 00:00:00,0,0,0,0.0,0,0,0,0,0,0,0,0,0,0,0,0,0,0,0,0,0,0,0,0,0,0,0,0,
3709125,Lewis,Miley,Newcastle,2,MID,5.0,5.0,0,0000-00-00 00:00:00,0,0,0,0.0,0,0,0,0,0,0,0,0,0,0,0,0,0,0,0,0,0,0,0,0,0,0,0,0,
3762913,Morgan,Rogers,Aston Villa,2,MID,5.0,5.0,0,0000-00-00 00:00:00,0,0,0,0.0,0,0,0,0,0,0,0,0,0,0,0,0,0,0,0,0,0,0,0,0,0,0,0,0,
3763100,Adam,Wharton,Crystal Palace,2,MID,5.0,5.0,0,0000-00-00 00:00:00,0,0,0,0.0,0,0,0,0,0,0,0,0,0,0,0,0,0,0,0,0,0,0,0,0,0,0,0,0,
3879488,Marc,Guiu,Chelsea,3,FOR,5.0,5.0,0,0000-00-00 00:00:00,0,0,0,0.0,0,0,0,0,0,0,0,0,0,0,0,0,0,0,0,0,0,0,0,0,0,0,0,0,
3879493,Samuel,Illing-Junior,Aston Villa,2,MID,5.0,5.0,0,0000-00-00 00:00:00,0,0,0,0.0,0,0,0,0,0,0,0,0,0,0,0,0,0,0,0,0,0,0,0,0,0,0,0,0,
3879494,Yankuba,Minteh,Brighton,2,MID,5.0,5.0,0,0000-00-00 00:00:00,0,0,0,0.0,0,0,0,0,0,0,0,0,0,0,0,0,0,0,0,0,0,0,0,0,0,0,0,0,
3879499,Luis,Guilherme,West Ham,2,MID,5.0,5.0,0,0000-00-00 00:00:00,0,0,0,0.0,0,0,0,0,0,0,0,0,0,0,0,0,0,0,0,0,0,0,0,0,0,0,0,0,
3879500,Callum,Marshall,West Ham,3,FOR,5.0,5.0,0,0000-00-00 00:00:00,0,0,0,0.0,0,0,0,0,0,0,0,0,0,0,0,0,0,0,0,0,0,0,0,0,0,0,0,0,
3879504,Rodrigo,R.Gomes,Wolves,2,MID,5.0,5.0,0,0000-00-00 00:00:00,0,0,0,0.0,0,0,0,0,0,0,0,0,0,0,0,0,0,0,0,0,0,0,0,0,0,0,0,0,
3879515,Ross,Stewart,Southampton,3,FOR,5.0,5.0,0,0000-00-00 00:00:00,0,0,0,0.0,0,0,0,0,0,0,0,0,0,0,0,0,0,0,0,0,0,0,0,0,0,0,0,0,
3879561,Freddie,Ladapo,Ipswich,3,FOR,5.0,5.0,0,0000-00-00 00:00:00,0,0,0,0.0,0,0,0,0,0,0,0,0,0,0,0,0,0,0,0,0,0,0,0,0,0,0,0,0,
3879562,George,Hirst,Ipswich,3,FOR,5.0,5.0,0,0000-00-00 00:00:00,0,0,0,0.0,0,0,0,0,0,0,0,0,0,0,0,0,0,0,0,0,0,0,0,0,0,0,0,0,
3879565,Leif,Davis,Ipswich,1,DEF,5.0,5.0,0,0000-00-00 00:00:00,0,0,0,0.0,0,0,0,0,0,0,0,0,0,0,0,0,0,0,0,0,0,0,0,0,0,0,0,0,
3879568,Wes,Burns,Ipswich,2,MID,5.0,5.0,0,0000-00-00 00:00:00,0,0,0,0.0,0,0,0,0,0,0,0,0,0,0,0,0,0,0,0,0,0,0,0,0,0,0,0,0,
3879570,Jesse,Nwabueze,Ipswich,3,FOR,5.0,5.0,0,0000-00-00 00:00:00,0,0,0,0.0,0,0,0,0,0,0,0,0,0,0,0,0,0,0,0,0,0,0,0,0,0,0,0,0,
3879576,Samy,Morsy,Ipswich,2,MID,5.0,5.0,0,0000-00-00 00:00:00,0,0,0,0.0,0,0,0,0,0,0,0,0,0,0,0,0,0,0,0,0,0,0,0,0,0,0,0,0,
3879583,Ali,Al Hamadi,Ipswich,3,FOR,5.0,5.0,0,0000-00-00 00:00:00,0,0,0,0.0,0,0,0,0,0,0,0,0,0,0,0,0,0,0,0,0,0,0,0,0,0,0,0,0,
3893844,Leny,Yoro,Manchester United,1,DEF,5.0,5.0,0,0000-00-00 00:00:00,0,0,0,0.0,0,0,0,0,0,0,0,0,0,0,0,0,0,0,0,0,0,0,0,0,0,0,0,0,
3903181,Jesper,Lindstrom,Everton,2,MID,5.0,5.0,0,0000-00-00 00:00:00,0,0,0,0.0,0,0,0,0,0,0,0,0,0,0,0,0,0,0,0,0,0,0,0,0,0,0,0,0,
3905453,Ryan,Sessegnon,Fulham,2,MID,5.0,5.0,0,0000-00-00 00:00:00,0,0,0,0.0,0,0,0,0,0,0,0,0,0,0,0,0,0,0,0,0,0,0,0,0,0,0,0,0,
23117,James,Milner,Brighton,2,MID,4.5,4.5,0,0000-00-00 00:00:00,0,0,0,0.0,0,0,0,0,0,0,0,0,0,0,0,0,0,0,0,0,0,0,0,0,0,0,0,0,
3907764,Filip,Jorgensen,Chelsea,0,GK,4.5,4.5,0,0000-00-00 00:00:00,0,0,0,0.0,0,0,0,0,0,0,0,0,0,0,0,0,0,0,0,0,0,0,0,0,0,0,0,0,
2707125,Lewis,Hall,Newcastle,1,DEF,4.5,4.5,0,0000-00-00 00:00:00,0,0,0,0.0,0,0,0,0,0,0,0,0,0,0,0,0,0,0,0,0,0,0,0,0,0,0,0,0,
230742,Adam,Smith,Bournemouth,1,DEF,4.5,4.5,0,0000-00-00 00:00:00,0,0,0,0.0,0,0,0,0,0,0,0,0,0,0,0,0,0,0,0,0,0,0,0,0,0,0,0,0,
3652624,Luke,Harris,Fulham,2,MID,4.5,4.5,0,0000-00-00 00:00:00,0,0,0,0.0,0,0,0,0,0,0,0,0,0,0,0,0,0,0,0,0,0,0,0,0,0,0,0,0,
3663310,Hannibal,Mejbri,Manchester United,2,MID,4.5,4.5,0,0000-00-00 00:00:00,0,0,0,0.0,0,0,0,0,0,0,0,0,0,0,0,0,0,0,0,0,0,0,0,0,0,0,0,0,
230755,Jaidon,Anthony,Bournemouth,2,MID,4.5,4.5,0,0000-00-00 00:00:00,0,0,0,0.0,0,0,0,0,0,0,0,0,0,0,0,0,0,0,0,0,0,0,0,0,0,0,0,0,
3652441,Ibrahim,Sangare,Nottingham Forest,2,MID,4.5,4.5,0,0000-00-00 00:00:00,0,0,0,0.0,0,0,0,0,0,0,0,0,0,0,0,0,0,0,0,0,0,0,0,0,0,0,0,0,
3762349,Cesare,Casadei,Chelsea,2,MID,4.5,4.5,0,0000-00-00 00:00:00,0,0,0,0.0,0,0,0,0,0,0,0,0,0,0,0,0,0,0,0,0,0,0,0,0,0,0,0,0,
1727420,Malcolm,Ebiowei,Crystal Palace,2,MID,4.5,4.5,0,0000-00-00 00:00:00,0,0,0,0.0,0,0,0,0,0,0,0,0,0,0,0,0,0,0,0,0,0,0,0,0,0,0,0,0,
1855090,Lewis,O'Brien,Nottingham Forest,2,MID,4.5,4.5,0,0000-00-00 00:00:00,0,0,0,0.0,0,0,0,0,0,0,0,0,0,0,0,0,0,0,0,0,0,0,0,0,0,0,0,0,
1812135,Cheick,Doucoure,Crystal Palace,2,MID,4.5,4.5,0,0000-00-00 00:00:00,0,0,0,0.0,0,0,0,0,0,0,0,0,0,0,0,0,0,0,0,0,0,0,0,0,0,0,0,0,
2840080,Andrey,Santos,Chelsea,2,MID,4.5,4.5,0,0000-00-00 00:00:00,0,0,0,0.0,0,0,0,0,0,0,0,0,0,0,0,0,0,0,0,0,0,0,0,0,0,0,0,0,
3745030,Radu,Dragusin,Spurs,1,DEF,4.5,4.5,0,0000-00-00 00:00:00,0,0,0,0.0,0,0,0,0,0,0,0,0,0,0,0,0,0,0,0,0,0,0,0,0,0,0,0,0,
3674479,Jack,Hinshelwood,Brighton,2,MID,4.5,4.5,0,0000-00-00 00:00:00,0,0,0,0.0,0,0,0,0,0,0,0,0,0,0,0,0,0,0,0,0,0,0,0,0,0,0,0,0,
3879571,Massimo,Luongo,Ipswich,2,MID,4.5,4.5,0,0000-00-00 00:00:00,0,0,0,0.0,0,0,0,0,0,0,0,0,0,0,0,0,0,0,0,0,0,0,0,0,0,0,0,0,
187323,Rayan,Ait-Nouri,Wolves,1,DEF,4.5,4.5,0,0000-00-00 00:00:00,0,0,0,0.0,0,0,0,0,0,0,0,0,0,0,0,0,0,0,0,0,0,0,0,0,0,0,0,0,
3879574,Luke,Woolfenden,Ipswich,1,DEF,4.5,4.5,0,0000-00-00 00:00:00,0,0,0,0.0,0,0,0,0,0,0,0,0,0,0,0,0,0,0,0,0,0,0,0,0,0,0,0,0,
183126,Alphonse,Areola,West Ham,0,GK,4.5,4.5,0,0000-00-00 00:00:00,0,0,0,0.0,0,0,0,0,0,0,0,0,0,0,0,0,0,0,0,0,0,0,0,0,0,0,0,0,
3736591,Alfie,Gilchrist,Chelsea,1,DEF,4.5,4.5,0,0000-00-00 00:00:00,0,0,0,0.0,0,0,0,0,0,0,0,0,0,0,0,0,0,0,0,0,0,0,0,0,0,0,0,0,
182119,Timothy,Castagne,Fulham,1,DEF,4.5,4.5,0,0000-00-00 00:00:00,0,0,0,0.0,0,0,0,0,0,0,0,0,0,0,0,0,0,0,0,0,0,0,0,0,0,0,0,0,
3893796,Mats,Wieffer,Brighton,2,MID,4.5,4.5,0,0000-00-00 00:00:00,0,0,0,0.0,0,0,0,0,0,0,0,0,0,0,0,0,0,0,0,0,0,0,0,0,0,0,0,0,
3893799,Caleb,Okoli,Leicester,1,DEF,4.5,4.5,0,0000-00-00 00:00:00,0,0,0,0.0,0,0,0,0,0,0,0,0,0,0,0,0,0,0,0,0,0,0,0,0,0,0,0,0,
139208,Adam,Webster,Brighton,1,DEF,4.5,4.5,0,0000-00-00 00:00:00,0,0,0,0.0,0,0,0,0,0,0,0,0,0,0,0,0,0,0,0,0,0,0,0,0,0,0,0,0,
139838,Emil,Krafth,Newcastle,1,DEF,4.5,4.5,0,0000-00-00 00:00:00,0,0,0,0.0,0,0,0,0,0,0,0,0,0,0,0,0,0,0,0,0,0,0,0,0,0,0,0,0,
3893801,Jacob,Greaves,Ipswich,1,DEF,4.5,4.5,0,0000-00-00 00:00:00,0,0,0,0.0,0,0,0,0,0,0,0,0,0,0,0,0,0,0,0,0,0,0,0,0,0,0,0,0,
137292,James,Justin,Leicester,1,DEF,4.5,4.5,0,0000-00-00 00:00:00,0,0,0,0.0,0,0,0,0,0,0,0,0,0,0,0,0,0,0,0,0,0,0,0,0,0,0,0,0,
137863,Dean,Henderson,Crystal Palace,0,GK,4.5,4.5,0,0000-00-00 00:00:00,0,0,0,0.0,0,0,0,0,0,0,0,0,0,0,0,0,0,0,0,0,0,0,0,0,0,0,0,0,
92413,Leander,Dendoncker,Aston Villa,2,MID,4.5,4.5,0,0000-00-00 00:00:00,0,0,0,0.0,0,0,0,0,0,0,0,0,0,0,0,0,0,0,0,0,0,0,0,0,0,0,0,0,
106466,Max,Kilman,West Ham,1,DEF,4.5,4.5,0,0000-00-00 00:00:00,0,0,0,0.0,0,0,0,0,0,0,0,0,0,0,0,0,0,0,0,0,0,0,0,0,0,0,0,0,
3907762,Jake,O'Brien,Everton,1,DEF,4.5,4.5,0,0000-00-00 00:00:00,0,0,0,0.0,0,0,0,0,0,0,0,0,0,0,0,0,0,0,0,0,0,0,0,0,0,0,0,0,
92386,Matt,Targett,Newcastle,1,DEF,4.5,4.5,0,0000-00-00 00:00:00,0,0,0,0.0,0,0,0,0,0,0,0,0,0,0,0,0,0,0,0,0,0,0,0,0,0,0,0,0,
3893837,Nikola,Milenkovic,Nottingham Forest,1,DEF,4.5,4.5,0,0000-00-00 00:00:00,0,0,0,0.0,0,0,0,0,0,0,0,0,0,0,0,0,0,0,0,0,0,0,0,0,0,0,0,0,
45053,Victor,Lindelof,Manchester United,1,DEF,4.5,4.5,0,0000-00-00 00:00:00,0,0,0,0.0,0,0,0,0,0,0,0,0,0,0,0,0,0,0,0,0,0,0,0,0,0,0,0,0,
90433,Yves,Bissouma,Spurs,2,MID,4.5,4.5,0,0000-00-00 00:00:00,0,0,0,0.0,0,0,0,0,0,0,0,0,0,0,0,0,0,0,0,0,0,0,0,0,0,0,0,0,
2853884,Alex,Moreno,Aston Villa,1,DEF,4.5,4.5,0,0000-00-00 00:00:00,0,0,0,0.0,0,0,0,0,0,0,0,0,0,0,0,0,0,0,0,0,0,0,0,0,0,0,0,0,
2853885,Carlos,Alcaraz,Southampton,2,MID,4.5,4.5,0,0000-00-00 00:00:00,0,0,0,0.0,0,0,0,0,0,0,0,0,0,0,0,0,0,0,0,0,0,0,0,0,0,0,0,0,
2871381,,Danilo,Nottingham Forest,2,MID,4.5,4.5,0,0000-00-00 00:00:00,0,0,0,0.0,0,0,0,0,0,0,0,0,0,0,0,0,0,0,0,0,0,0,0,0,0,0,0,0,
2893236,Victor,Kristiansen,Leicester,1,DEF,4.5,4.5,0,0000-00-00 00:00:00,0,0,0,0.0,0,0,0,0,0,0,0,0,0,0,0,0,0,0,0,0,0,0,0,0,0,0,0,0,
2930169,Yasin,Ayari,Brighton,2,MID,4.5,4.5,0,0000-00-00 00:00:00,0,0,0,0.0,0,0,0,0,0,0,0,0,0,0,0,0,0,0,0,0,0,0,0,0,0,0,0,0,
2930170,Joao,J.Gomes,Wolves,2,MID,4.5,4.5,0,0000-00-00 00:00:00,0,0,0,0.0,0,0,0,0,0,0,0,0,0,0,0,0,0,0,0,0,0,0,0,0,0,0,0,0,
2930172,Sasa,Lukic,Fulham,2,MID,4.5,4.5,0,0000-00-00 00:00:00,0,0,0,0.0,0,0,0,0,0,0,0,0,0,0,0,0,0,0,0,0,0,0,0,0,0,0,0,0,
2930173,Illia,Zabarnyi,Bournemouth,1,DEF,4.5,4.5,0,0000-00-00 00:00:00,0,0,0,0.0,0,0,0,0,0,0,0,0,0,0,0,0,0,0,0,0,0,0,0,0,0,0,0,0,
2930174,Naouirou,Ahamada,Crystal Palace,2,MID,4.5,4.5,0,0000-00-00 00:00:00,0,0,0,0.0,0,0,0,0,0,0,0,0,0,0,0,0,0,0,0,0,0,0,0,0,0,0,0,0,
2930176,Hamed Junior,Traore,Bournemouth,2,MID,4.5,4.5,0,0000-00-00 00:00:00,0,0,0,0.0,0,0,0,0,0,0,0,0,0,0,0,0,0,0,0,0,0,0,0,0,0,0,0,0,
3430938,Samuel,Amo-Ameyaw,Southampton,2,MID,4.5,4.5,0,0000-00-00 00:00:00,0,0,0,0.0,0,0,0,0,0,0,0,0,0,0,0,0,0,0,0,0,0,0,0,0,0,0,0,0,
3893800,Renato,Veiga,Chelsea,2,MID,4.5,4.5,0,0000-00-00 00:00:00,0,0,0,0.0,0,0,0,0,0,0,0,0,0,0,0,0,0,0,0,0,0,0,0,0,0,0,0,0,
25871,Harry,Winks,Leicester,2,MID,4.5,4.5,0,0000-00-00 00:00:00,0,0,0,0.0,0,0,0,0,0,0,0,0,0,0,0,0,0,0,0,0,0,0,0,0,0,0,0,0,
192955,Rhys,Williams,Liverpool,1,DEF,4.5,4.5,0,0000-00-00 00:00:00,0,0,0,0.0,0,0,0,0,0,0,0,0,0,0,0,0,0,0,0,0,0,0,0,0,0,0,0,0,
3879577,Harry,Clarke,Ipswich,1,DEF,4.5,4.5,0,0000-00-00 00:00:00,0,0,0,0.0,0,0,0,0,0,0,0,0,0,0,0,0,0,0,0,0,0,0,0,0,0,0,0,0,
3879522,Kasey,McAteer,Leicester,2,MID,4.5,4.5,0,0000-00-00 00:00:00,0,0,0,0.0,0,0,0,0,0,0,0,0,0,0,0,0,0,0,0,0,0,0,0,0,0,0,0,0,
3879521,Wanya,Marcal,Leicester,2,MID,4.5,4.5,0,0000-00-00 00:00:00,0,0,0,0.0,0,0,0,0,0,0,0,0,0,0,0,0,0,0,0,0,0,0,0,0,0,0,0,0,
3879518,Hamza,Choudhury,Leicester,2,MID,4.5,4.5,0,0000-00-00 00:00:00,0,0,0,0.0,0,0,0,0,0,0,0,0,0,0,0,0,0,0,0,0,0,0,0,0,0,0,0,0,
3879516,Mads,Hermansen,Leicester,0,GK,4.5,4.5,0,0000-00-00 00:00:00,0,0,0,0.0,0,0,0,0,0,0,0,0,0,0,0,0,0,0,0,0,0,0,0,0,0,0,0,0,
3879513,Shea,Charles,Southampton,2,MID,4.5,4.5,0,0000-00-00 00:00:00,0,0,0,0.0,0,0,0,0,0,0,0,0,0,0,0,0,0,0,0,0,0,0,0,0,0,0,0,0,
3879512,Ryan,Manning,Southampton,1,DEF,4.5,4.5,0,0000-00-00 00:00:00,0,0,0,0.0,0,0,0,0,0,0,0,0,0,0,0,0,0,0,0,0,0,0,0,0,0,0,0,0,
3879510,Taylor,Harwood-Bellis,Southampton,1,DEF,4.5,4.5,0,0000-00-00 00:00:00,0,0,0,0.0,0,0,0,0,0,0,0,0,0,0,0,0,0,0,0,0,0,0,0,0,0,0,0,0,
3879506,Yunus Emre,Konak,Brentford,2,MID,4.5,4.5,0,0000-00-00 00:00:00,0,0,0,0.0,0,0,0,0,0,0,0,0,0,0,0,0,0,0,0,0,0,0,0,0,0,0,0,0,
3879505,Steven,Benda,Fulham,0,GK,4.5,4.5,0,0000-00-00 00:00:00,0,0,0,0.0,0,0,0,0,0,0,0,0,0,0,0,0,0,0,0,0,0,0,0,0,0,0,0,0,
3879503,Pedro,Lima,Wolves,1,DEF,4.5,4.5,0,0000-00-00 00:00:00,0,0,0,0.0,0,0,0,0,0,0,0,0,0,0,0,0,0,0,0,0,0,0,0,0,0,0,0,0,
3879497,Chadi,Riad,Crystal Palace,1,DEF,4.5,4.5,0,0000-00-00 00:00:00,0,0,0,0.0,0,0,0,0,0,0,0,0,0,0,0,0,0,0,0,0,0,0,0,0,0,0,0,0,
3879496,Andrew,Moran,Brighton,2,MID,4.5,4.5,0,0000-00-00 00:00:00,0,0,0,0.0,0,0,0,0,0,0,0,0,0,0,0,0,0,0,0,0,0,0,0,0,0,0,0,0,
3879495,Ibrahim,Osman,Brighton,2,MID,4.5,4.5,0,0000-00-00 00:00:00,0,0,0,0.0,0,0,0,0,0,0,0,0,0,0,0,0,0,0,0,0,0,0,0,0,0,0,0,0,
3879492,Enzo,Barrenechea,Aston Villa,2,MID,4.5,4.5,0,0000-00-00 00:00:00,0,0,0,0.0,0,0,0,0,0,0,0,0,0,0,0,0,0,0,0,0,0,0,0,0,0,0,0,0,
3879491,Joe,Gauci,Aston Villa,0,GK,4.5,4.5,0,0000-00-00 00:00:00,0,0,0,0.0,0,0,0,0,0,0,0,0,0,0,0,0,0,0,0,0,0,0,0,0,0,0,0,0,
3879490,Lucas,Bergvall,Spurs,2,MID,4.5,4.5,0,0000-00-00 00:00:00,0,0,0,0.0,0,0,0,0,0,0,0,0,0,0,0,0,0,0,0,0,0,0,0,0,0,0,0,0,
3879487,,Angelo,Chelsea,2,MID,4.5,4.5,0,0000-00-00 00:00:00,0,0,0,0.0,0,0,0,0,0,0,0,0,0,0,0,0,0,0,0,0,0,0,0,0,0,0,0,0,
3879486,Diego,Moreira,Chelsea,2,MID,4.5,4.5,0,0000-00-00 00:00:00,0,0,0,0.0,0,0,0,0,0,0,0,0,0,0,0,0,0,0,0,0,0,0,0,0,0,0,0,0,
3879483,Sepp,van der Berg,Liverpool,1,DEF,4.5,4.5,0,0000-00-00 00:00:00,0,0,0,0.0,0,0,0,0,0,0,0,0,0,0,0,0,0,0,0,0,0,0,0,0,0,0,0,0,
3817324,George,Earthy,West Ham,2,MID,4.5,4.5,0,0000-00-00 00:00:00,0,0,0,0.0,0,0,0,0,0,0,0,0,0,0,0,0,0,0,0,0,0,0,0,0,0,0,0,0,
3811257,Omari,Kellyman,Chelsea,2,MID,4.5,4.5,0,0000-00-00 00:00:00,0,0,0,0.0,0,0,0,0,0,0,0,0,0,0,0,0,0,0,0,0,0,0,0,0,0,0,0,0,
3809321,Valentin,Barco,Brighton,1,DEF,4.5,4.5,0,0000-00-00 00:00:00,0,0,0,0.0,0,0,0,0,0,0,0,0,0,0,0,0,0,0,0,0,0,0,0,0,0,0,0,0,
3763426,Matz,Sels,Nottingham Forest,0,GK,4.5,4.5,0,0000-00-00 00:00:00,0,0,0,0.0,0,0,0,0,0,0,0,0,0,0,0,0,0,0,0,0,0,0,0,0,0,0,0,0,
3762527,Romain,Faivre,Bournemouth,2,MID,4.5,4.5,0,0000-00-00 00:00:00,0,0,0,0.0,0,0,0,0,0,0,0,0,0,0,0,0,0,0,0,0,0,0,0,0,0,0,0,0,
3893804,Yukinari,Sugawara,Southampton,1,DEF,4.5,4.5,0,0000-00-00 00:00:00,0,0,0,0.0,0,0,0,0,0,0,0,0,0,0,0,0,0,0,0,0,0,0,0,0,0,0,0,0,
156926,Neco,Williams,Nottingham Forest,1,DEF,4.5,4.5,0,0000-00-00 00:00:00,0,0,0,0.0,0,0,0,0,0,0,0,0,0,0,0,0,0,0,0,0,0,0,0,0,0,0,0,0,
174861,Tyrick,Mitchell,Crystal Palace,1,DEF,4.5,4.5,0,0000-00-00 00:00:00,0,0,0,0.0,0,0,0,0,0,0,0,0,0,0,0,0,0,0,0,0,0,0,0,0,0,0,0,0,
3907763,Dean,Huijsen,Bournemouth,1,DEF,4.5,4.5,0,0000-00-00 00:00:00,0,0,0,0.0,0,0,0,0,0,0,0,0,0,0,0,0,0,0,0,0,0,0,0,0,0,0,0,0,
23018,Joel,Ward,Crystal Palace,1,DEF,4.5,4.5,0,0000-00-00 00:00:00,0,0,0,0.0,0,0,0,0,0,0,0,0,0,0,0,0,0,0,0,0,0,0,0,0,0,0,0,0,
23127,Adam,Lallana,Southampton,2,MID,4.5,4.5,0,0000-00-00 00:00:00,0,0,0,0.0,0,0,0,0,0,0,0,0,0,0,0,0,0,0,0,0,0,0,0,0,0,0,0,0,
23287,James,Tarkowski,Everton,1,DEF,4.5,4.5,0,0000-00-00 00:00:00,0,0,0,0.0,0,0,0,0,0,0,0,0,0,0,0,0,0,0,0,0,0,0,0,0,0,0,0,0,
23379,Ben,Mee,Brentford,1,DEF,4.5,4.5,0,0000-00-00 00:00:00,0,0,0,0.0,0,0,0,0,0,0,0,0,0,0,0,0,0,0,0,0,0,0,0,0,0,0,0,0,
23490,Ben,Davies,Spurs,1,DEF,4.5,4.5,0,0000-00-00 00:00:00,0,0,0,0.0,0,0,0,0,0,0,0,0,0,0,0,0,0,0,0,0,0,0,0,0,0,0,0,0,
23521,Jonny,Evans,Manchester United,1,DEF,4.5,4.5,0,0000-00-00 00:00:00,0,0,0,0.0,0,0,0,0,0,0,0,0,0,0,0,0,0,0,0,0,0,0,0,0,0,0,0,0,
24075,Rob,Holding,Crystal Palace,1,DEF,4.5,4.5,0,0000-00-00 00:00:00,0,0,0,0.0,0,0,0,0,0,0,0,0,0,0,0,0,0,0,0,0,0,0,0,0,0,0,0,0,
32948,Aaron,Wan-Bissaka,Manchester United,1,DEF,4.5,4.5,0,0000-00-00 00:00:00,0,0,0,0.0,0,0,0,0,0,0,0,0,0,0,0,0,0,0,0,0,0,0,0,0,0,0,0,0,
45003,Jan,Bednarek,Southampton,1,DEF,4.5,4.5,0,0000-00-00 00:00:00,0,0,0,0.0,0,0,0,0,0,0,0,0,0,0,0,0,0,0,0,0,0,0,0,0,0,0,0,0,
45008,Lewis,Dunk,Brighton,1,DEF,4.5,4.5,0,0000-00-00 00:00:00,0,0,0,0.0,0,0,0,0,0,0,0,0,0,0,0,0,0,0,0,0,0,0,0,0,0,0,0,0,
45036,Will,Hughes,Crystal Palace,2,MID,4.5,4.5,0,0000-00-00 00:00:00,0,0,0,0.0,0,0,0,0,0,0,0,0,0,0,0,0,0,0,0,0,0,0,0,0,0,0,0,0,
45042,Jonjo,Shelvey,Nottingham Forest,2,MID,4.5,4.5,0,0000-00-00 00:00:00,0,0,0,0.0,0,0,0,0,0,0,0,0,0,0,0,0,0,0,0,0,0,0,0,0,0,0,0,0,
45098,Isaac,Hayden,Newcastle,2,MID,4.5,4.5,0,0000-00-00 00:00:00,0,0,0,0.0,0,0,0,0,0,0,0,0,0,0,0,0,0,0,0,0,0,0,0,0,0,0,0,0,
46637,Kyle,Walker-Peters,Southampton,1,DEF,4.5,4.5,0,0000-00-00 00:00:00,0,0,0,0.0,0,0,0,0,0,0,0,0,0,0,0,0,0,0,0,0,0,0,0,0,0,0,0,0,
88449,Issa,Diop,Fulham,1,DEF,4.5,4.5,0,0000-00-00 00:00:00,0,0,0,0.0,0,0,0,0,0,0,0,0,0,0,0,0,0,0,0,0,0,0,0,0,0,0,0,0,
88556,Willy,Boly,Nottingham Forest,1,DEF,4.5,4.5,0,0000-00-00 00:00:00,0,0,0,0.0,0,0,0,0,0,0,0,0,0,0,0,0,0,0,0,0,0,0,0,0,0,0,0,0,
88564,Ricardo,Pereira,Leicester,1,DEF,4.5,4.5,0,0000-00-00 00:00:00,0,0,0,0.0,0,0,0,0,0,0,0,0,0,0,0,0,0,0,0,0,0,0,0,0,0,0,0,0,
88625,Jannik,Vestergaard,Leicester,1,DEF,4.5,4.5,0,0000-00-00 00:00:00,0,0,0,0.0,0,0,0,0,0,0,0,0,0,0,0,0,0,0,0,0,0,0,0,0,0,0,0,0,
192744,Oliver,Skipp,Spurs,2,MID,4.5,4.5,0,0000-00-00 00:00:00,0,0,0,0.0,0,0,0,0,0,0,0,0,0,0,0,0,0,0,0,0,0,0,0,0,0,0,0,0,
1803645,Joe,Aribo,Southampton,2,MID,4.5,4.5,0,0000-00-00 00:00:00,0,0,0,0.0,0,0,0,0,0,0,0,0,0,0,0,0,0,0,0,0,0,0,0,0,0,0,0,0,
1803643,Flynn,Downes,Southampton,2,MID,4.5,4.5,0,0000-00-00 00:00:00,0,0,0,0.0,0,0,0,0,0,0,0,0,0,0,0,0,0,0,0,0,0,0,0,0,0,0,0,0,
1783669,Tyler,Adams,Bournemouth,2,MID,4.5,4.5,0,0000-00-00 00:00:00,0,0,0,0.0,0,0,0,0,0,0,0,0,0,0,0,0,0,0,0,0,0,0,0,0,0,0,0,0,
1783662,Facundo,Pellistri,Manchester United,2,MID,4.5,4.5,0,0000-00-00 00:00:00,0,0,0,0.0,0,0,0,0,0,0,0,0,0,0,0,0,0,0,0,0,0,0,0,0,0,0,0,0,
1783661,Romeo,Lavia,Chelsea,2,MID,4.5,4.5,0,0000-00-00 00:00:00,0,0,0,0.0,0,0,0,0,0,0,0,0,0,0,0,0,0,0,0,0,0,0,0,0,0,0,0,0,
1777193,Tyrell,Malacia,Manchester United,1,DEF,4.5,4.5,0,0000-00-00 00:00:00,0,0,0,0.0,0,0,0,0,0,0,0,0,0,0,0,0,0,0,0,0,0,0,0,0,0,0,0,0,
1758328,Sam,Johnstone,Crystal Palace,0,GK,4.5,4.5,0,0000-00-00 00:00:00,0,0,0,0.0,0,0,0,0,0,0,0,0,0,0,0,0,0,0,0,0,0,0,0,0,0,0,0,0,
1712439,Armel,Bella-Kotchap,Southampton,1,DEF,4.5,4.5,0,0000-00-00 00:00:00,0,0,0,0.0,0,0,0,0,0,0,0,0,0,0,0,0,0,0,0,0,0,0,0,0,0,0,0,0,
1697059,Boubacar,Kamara,Aston Villa,2,MID,4.5,4.5,0,0000-00-00 00:00:00,0,0,0,0.0,0,0,0,0,0,0,0,0,0,0,0,0,0,0,0,0,0,0,0,0,0,0,0,0,
1695166,Nayerf,Aguerd,West Ham,1,DEF,4.5,4.5,0,0000-00-00 00:00:00,0,0,0,0.0,0,0,0,0,0,0,0,0,0,0,0,0,0,0,0,0,0,0,0,0,0,0,0,0,
1695161,Gavin,Bazunu,Southampton,0,GK,4.5,4.5,0,0000-00-00 00:00:00,0,0,0,0.0,0,0,0,0,0,0,0,0,0,0,0,0,0,0,0,0,0,0,0,0,0,0,0,0,
1677494,Diego,Carlos,Aston Villa,1,DEF,4.5,4.5,0,0000-00-00 00:00:00,0,0,0,0.0,0,0,0,0,0,0,0,0,0,0,0,0,0,0,0,0,0,0,0,0,0,0,0,0,
1677492,Matt,Turner,Nottingham Forest,0,GK,4.5,4.5,0,0000-00-00 00:00:00,0,0,0,0.0,0,0,0,0,0,0,0,0,0,0,0,0,0,0,0,0,0,0,0,0,0,0,0,0,
495578,Tim,Iroegbunam,Everton,2,MID,4.5,4.5,0,0000-00-00 00:00:00,0,0,0,0.0,0,0,0,0,0,0,0,0,0,0,0,0,0,0,0,0,0,0,0,0,0,0,0,0,
293578,,Chiquinho,Wolves,2,MID,4.5,4.5,0,0000-00-00 00:00:00,0,0,0,0.0,0,0,0,0,0,0,0,0,0,0,0,0,0,0,0,0,0,0,0,0,0,0,0,0,
3879560,Marcus,Harness,Ipswich,2,MID,4.5,4.5,0,0000-00-00 00:00:00,0,0,0,0.0,0,0,0,0,0,0,0,0,0,0,0,0,0,0,0,0,0,0,0,0,0,0,0,0,
234799,Kristoffer,Ajer,Brentford,1,DEF,4.5,4.5,0,0000-00-00 00:00:00,0,0,0,0.0,0,0,0,0,0,0,0,0,0,0,0,0,0,0,0,0,0,0,0,0,0,0,0,0,
234803,Nathan,Collins,Brentford,1,DEF,4.5,4.5,0,0000-00-00 00:00:00,0,0,0,0.0,0,0,0,0,0,0,0,0,0,0,0,0,0,0,0,0,0,0,0,0,0,0,0,0,
237977,Marcus,Bettinelli,Chelsea,0,GK,4.5,4.5,0,0000-00-00 00:00:00,0,0,0,0.0,0,0,0,0,0,0,0,0,0,0,0,0,0,0,0,0,0,0,0,0,0,0,0,0,
242981,Trevoh,Chalobah,Chelsea,1,DEF,4.5,4.5,0,0000-00-00 00:00:00,0,0,0,0.0,0,0,0,0,0,0,0,0,0,0,0,0,0,0,0,0,0,0,0,0,0,0,0,0,
256300,Maxwell,Cornet,West Ham,2,MID,4.5,4.5,0,0000-00-00 00:00:00,0,0,0,0.0,0,0,0,0,0,0,0,0,0,0,0,0,0,0,0,0,0,0,0,0,0,0,0,0,
257275,Royal,Emerson,Spurs,1,DEF,4.5,4.5,0,0000-00-00 00:00:00,0,0,0,0.0,0,0,0,0,0,0,0,0,0,0,0,0,0,0,0,0,0,0,0,0,0,0,0,0,
272775,Jeremy,Sarmiento,Brighton,2,MID,4.5,4.5,0,0000-00-00 00:00:00,0,0,0,0.0,0,0,0,0,0,0,0,0,0,0,0,0,0,0,0,0,0,0,0,0,0,0,0,0,
273787,Harrison,Ashby,Newcastle,1,DEF,4.5,4.5,0,0000-00-00 00:00:00,0,0,0,0.0,0,0,0,0,0,0,0,0,0,0,0,0,0,0,0,0,0,0,0,0,0,0,0,0,
274827,Vitalii,Mykolenko,Everton,1,DEF,4.5,4.5,0,0000-00-00 00:00:00,0,0,0,0.0,0,0,0,0,0,0,0,0,0,0,0,0,0,0,0,0,0,0,0,0,0,0,0,0,
274923,Nathan,Patterson,Everton,1,DEF,4.5,4.5,0,0000-00-00 00:00:00,0,0,0,0.0,0,0,0,0,0,0,0,0,0,0,0,0,0,0,0,0,0,0,0,0,0,0,0,0,
280711,Toti,Gomes,Wolves,1,DEF,4.5,4.5,0,0000-00-00 00:00:00,0,0,0,0.0,0,0,0,0,0,0,0,0,0,0,0,0,0,0,0,0,0,0,0,0,0,0,0,0,
280714,Luke,Cundle,Wolves,2,MID,4.5,4.5,0,0000-00-00 00:00:00,0,0,0,0.0,0,0,0,0,0,0,0,0,0,0,0,0,0,0,0,0,0,0,0,0,0,0,0,0,
291492,Rodrigo,Bentancur,Spurs,2,MID,4.5,4.5,0,0000-00-00 00:00:00,0,0,0,0.0,0,0,0,0,0,0,0,0,0,0,0,0,0,0,0,0,0,0,0,0,0,0,0,0,
2098573,Bryan,Gil,Spurs,2,MID,4.5,4.5,0,0000-00-00 00:00:00,0,0,0,0.0,0,0,0,0,0,0,0,0,0,0,0,0,0,0,0,0,0,0,0,0,0,0,0,0,
2624511,Yehor,Yarmoliuk,Brentford,2,MID,4.5,4.5,0,0000-00-00 00:00:00,0,0,0,0.0,0,0,0,0,0,0,0,0,0,0,0,0,0,0,0,0,0,0,0,0,0,0,0,0,
2555820,Joseph,Hodge,Wolves,2,MID,4.5,4.5,0,0000-00-00 00:00:00,0,0,0,0.0,0,0,0,0,0,0,0,0,0,0,0,0,0,0,0,0,0,0,0,0,0,0,0,0,
2405112,Boubacar,Traore,Wolves,2,MID,4.5,4.5,0,0000-00-00 00:00:00,0,0,0,0.0,0,0,0,0,0,0,0,0,0,0,0,0,0,0,0,0,0,0,0,0,0,0,0,0,
2268238,Idrissa,Gueye,Everton,2,MID,4.5,4.5,0,0000-00-00 00:00:00,0,0,0,0.0,0,0,0,0,0,0,0,0,0,0,0,0,0,0,0,0,0,0,0,0,0,0,0,0,
2263801,Wout,Faes,Leicester,1,DEF,4.5,4.5,0,0000-00-00 00:00:00,0,0,0,0.0,0,0,0,0,0,0,0,0,0,0,0,0,0,0,0,0,0,0,0,0,0,0,0,0,
2209114,Jan Paul,van Hecke,Brighton,1,DEF,4.5,4.5,0,0000-00-00 00:00:00,0,0,0,0.0,0,0,0,0,0,0,0,0,0,0,0,0,0,0,0,0,0,0,0,0,0,0,0,0,
2207564,Stefan,Bajeti,Liverpool,2,MID,4.5,4.5,0,0000-00-00 00:00:00,0,0,0,0.0,0,0,0,0,0,0,0,0,0,0,0,0,0,0,0,0,0,0,0,0,0,0,0,0,
2193866,,Emerson,West Ham,1,DEF,4.5,4.5,0,0000-00-00 00:00:00,0,0,0,0.0,0,0,0,0,0,0,0,0,0,0,0,0,0,0,0,0,0,0,0,0,0,0,0,0,
2131535,Pervis,Estupinan,Brighton,1,DEF,4.5,4.5,0,0000-00-00 00:00:00,0,0,0,0.0,0,0,0,0,0,0,0,0,0,0,0,0,0,0,0,0,0,0,0,0,0,0,0,0,
2019410,,Neto,Bournemouth,0,GK,4.5,4.5,0,0000-00-00 00:00:00,0,0,0,0.0,0,0,0,0,0,0,0,0,0,0,0,0,0,0,0,0,0,0,0,0,0,0,0,0,
2018116,Amadou,Onana,Aston Villa,2,MID,4.5,4.5,0,0000-00-00 00:00:00,0,0,0,0.0,0,0,0,0,0,0,0,0,0,0,0,0,0,0,0,0,0,0,0,0,0,0,0,0,
1908560,Chris,Richards,Crystal Palace,1,DEF,4.5,4.5,0,0000-00-00 00:00:00,0,0,0,0.0,0,0,0,0,0,0,0,0,0,0,0,0,0,0,0,0,0,0,0,0,0,0,0,0,
1855091,Harry,Toffolo,Nottingham Forest,1,DEF,4.5,4.5,0,0000-00-00 00:00:00,0,0,0,0.0,0,0,0,0,0,0,0,0,0,0,0,0,0,0,0,0,0,0,0,0,0,0,0,0,
3879598,Ben,Johnson,Ipswich,1,DEF,4.5,4.5,0,0000-00-00 00:00:00,0,0,0,0.0,0,0,0,0,0,0,0,0,0,0,0,0,0,0,0,0,0,0,0,0,0,0,0,0,
139990,Scott,Carson,Manchester City,0,GK,4.5,4.5,0,0000-00-00 00:00:00,0,0,0,0.0,0,0,0,0,0,0,0,0,0,0,0,0,0,0,0,0,0,0,0,0,0,0,0,0,
156990,Tariq,Lamptey,Brighton,1,DEF,4.5,4.5,0,0000-00-00 00:00:00,0,0,0,0.0,0,0,0,0,0,0,0,0,0,0,0,0,0,0,0,0,0,0,0,0,0,0,0,0,
176811,Tom,Heaton,Manchester United,0,GK,4.5,4.5,0,0000-00-00 00:00:00,0,0,0,0.0,0,0,0,0,0,0,0,0,0,0,0,0,0,0,0,0,0,0,0,0,0,0,0,0,
177020,Joel,Veltman,Brighton,1,DEF,4.5,4.5,0,0000-00-00 00:00:00,0,0,0,0.0,0,0,0,0,0,0,0,0,0,0,0,0,0,0,0,0,0,0,0,0,0,0,0,0,
192197,Ethan,Pinnock,Brentford,1,DEF,4.5,4.5,0,0000-00-00 00:00:00,0,0,0,0.0,0,0,0,0,0,0,0,0,0,0,0,0,0,0,0,0,0,0,0,0,0,0,0,0,
3879564,Cameron,Burgess,Ipswich,1,DEF,4.5,4.5,0,0000-00-00 00:00:00,0,0,0,0.0,0,0,0,0,0,0,0,0,0,0,0,0,0,0,0,0,0,0,0,0,0,0,0,0,
187804,Joachim,Andersen,Crystal Palace,1,DEF,4.5,4.5,0,0000-00-00 00:00:00,0,0,0,0.0,0,0,0,0,0,0,0,0,0,0,0,0,0,0,0,0,0,0,0,0,0,0,0,0,
187807,Robin,Olsen,Aston Villa,0,GK,4.5,4.5,0,0000-00-00 00:00:00,0,0,0,0.0,0,0,0,0,0,0,0,0,0,0,0,0,0,0,0,0,0,0,0,0,0,0,0,0,
189201,Nathaniel,Clyne,Crystal Palace,1,DEF,4.5,4.5,0,0000-00-00 00:00:00,0,0,0,0.0,0,0,0,0,0,0,0,0,0,0,0,0,0,0,0,0,0,0,0,0,0,0,0,0,
192202,Josh,Dasilva,Brentford,2,MID,4.5,4.5,0,0000-00-00 00:00:00,0,0,0,0.0,0,0,0,0,0,0,0,0,0,0,0,0,0,0,0,0,0,0,0,0,0,0,0,0,
192204,Mads,Roerslev Rasmussen,Brentford,1,DEF,4.5,4.5,0,0000-00-00 00:00:00,0,0,0,0.0,0,0,0,0,0,0,0,0,0,0,0,0,0,0,0,0,0,0,0,0,0,0,0,0,
192967,Nathaniel,Phillips,Liverpool,1,DEF,4.5,4.5,0,0000-00-00 00:00:00,0,0,0,0.0,0,0,0,0,0,0,0,0,0,0,0,0,0,0,0,0,0,0,0,0,0,0,0,0,
197282,Jason,Steele,Brighton,0,GK,4.5,4.5,0,0000-00-00 00:00:00,0,0,0,0.0,0,0,0,0,0,0,0,0,0,0,0,0,0,0,0,0,0,0,0,0,0,0,0,0,
200376,Elliot,Anderson,Nottingham Forest,2,MID,4.5,4.5,0,0000-00-00 00:00:00,0,0,0,0.0,0,0,0,0,0,0,0,0,0,0,0,0,0,0,0,0,0,0,0,0,0,0,0,0,
206669,Jakub,Moder,Brighton,2,MID,4.5,4.5,0,0000-00-00 00:00:00,0,0,0,0.0,0,0,0,0,0,0,0,0,0,0,0,0,0,0,0,0,0,0,0,0,0,0,0,0,
226789,Boubakary,Soumare,Leicester,2,MID,4.5,4.5,0,0000-00-00 00:00:00,0,0,0,0.0,0,0,0,0,0,0,0,0,0,0,0,0,0,0,0,0,0,0,0,0,0,0,0,0,
230752,David,Brooks,Bournemouth,2,MID,4.5,4.5,0,0000-00-00 00:00:00,0,0,0,0.0,0,0,0,0,0,0,0,0,0,0,0,0,0,0,0,0,0,0,0,0,0,0,0,0,
230985,Ryan,Yates,Nottingham Forest,2,MID,4.5,4.5,0,0000-00-00 00:00:00,0,0,0,0.0,0,0,0,0,0,0,0,0,0,0,0,0,0,0,0,0,0,0,0,0,0,0,0,0,
231152,Tim,Ream,Fulham,1,DEF,4.5,4.5,0,0000-00-00 00:00:00,0,0,0,0.0,0,0,0,0,0,0,0,0,0,0,0,0,0,0,0,0,0,0,0,0,0,0,0,0,
231153,Antonee,Robinson,Fulham,1,DEF,4.5,4.5,0,0000-00-00 00:00:00,0,0,0,0.0,0,0,0,0,0,0,0,0,0,0,0,0,0,0,0,0,0,0,0,0,0,0,0,0,
231155,Kenny,Tete,Fulham,1,DEF,4.5,4.5,0,0000-00-00 00:00:00,0,0,0,0.0,0,0,0,0,0,0,0,0,0,0,0,0,0,0,0,0,0,0,0,0,0,0,0,0,
231160,Harrison,Reed,Fulham,2,MID,4.5,4.5,0,0000-00-00 00:00:00,0,0,0,0.0,0,0,0,0,0,0,0,0,0,0,0,0,0,0,0,0,0,0,0,0,0,0,0,0,
231959,Jose,Sa,Wolves,0,GK,4.5,4.5,0,0000-00-00 00:00:00,0,0,0,0.0,0,0,0,0,0,0,0,0,0,0,0,0,0,0,0,0,0,0,0,0,0,0,0,0,
231961,Marc,Guehi,Crystal Palace,1,DEF,4.5,4.5,0,0000-00-00 00:00:00,0,0,0,0.0,0,0,0,0,0,0,0,0,0,0,0,0,0,0,0,0,0,0,0,0,0,0,0,0,
233401,Frank,Onyeka,Brentford,2,MID,4.5,4.5,0,0000-00-00 00:00:00,0,0,0,0.0,0,0,0,0,0,0,0,0,0,0,0,0,0,0,0,0,0,0,0,0,0,0,0,0,
3893802,Malick Junior,Yalcouye,Brighton,2,MID,4.5,4.5,0,0000-00-00 00:00:00,0,0,0,0.0,0,0,0,0,0,0,0,0,0,0,0,0,0,0,0,0,0,0,0,0,0,0,0,0,
131350,Jamal,Lewis,Newcastle,1,DEF,4.5,4.5,0,0000-00-00 00:00:00,0,0,0,0.0,0,0,0,0,0,0,0,0,0,0,0,0,0,0,0,0,0,0,0,0,0,0,0,0,
132438,Craig,Dawson,Wolves,1,DEF,4.5,4.5,0,0000-00-00 00:00:00,0,0,0,0.0,0,0,0,0,0,0,0,0,0,0,0,0,0,0,0,0,0,0,0,0,0,0,0,0,
178022,Fraser,Forster,Spurs,0,GK,4.5,4.5,0,0000-00-00 00:00:00,0,0,0,0.0,0,0,0,0,0,0,0,0,0,0,0,0,0,0,0,0,0,0,0,0,0,0,0,0,
3556527,Garang,Kuol,Newcastle,2,MID,4.5,4.5,0,0000-00-00 00:00:00,0,0,0,0.0,0,0,0,0,0,0,0,0,0,0,0,0,0,0,0,0,0,0,0,0,0,0,0,0,
3556531,Mahmoud,Dahoud,Brighton,2,MID,4.5,4.5,0,0000-00-00 00:00:00,0,0,0,0.0,0,0,0,0,0,0,0,0,0,0,0,0,0,0,0,0,0,0,0,0,0,0,0,0,
3556532,Abdallah,Sima,Brighton,2,MID,4.5,4.5,0,0000-00-00 00:00:00,0,0,0,0.0,0,0,0,0,0,0,0,0,0,0,0,0,0,0,0,0,0,0,0,0,0,0,0,0,
3556534,Mark,Flekken,Brentford,0,GK,4.5,4.5,0,0000-00-00 00:00:00,0,0,0,0.0,0,0,0,0,0,0,0,0,0,0,0,0,0,0,0,0,0,0,0,0,0,0,0,0,
3556535,Ryan,Trevitt,Brentford,2,MID,4.5,4.5,0,0000-00-00 00:00:00,0,0,0,0.0,0,0,0,0,0,0,0,0,0,0,0,0,0,0,0,0,0,0,0,0,0,0,0,0,
3556537,Joao,Virginia,Everton,0,GK,4.5,4.5,0,0000-00-00 00:00:00,0,0,0,0.0,0,0,0,0,0,0,0,0,0,0,0,0,0,0,0,0,0,0,0,0,0,0,0,0,
3556540,Josh,Bowler,Nottingham Forest,2,MID,4.5,4.5,0,0000-00-00 00:00:00,0,0,0,0.0,0,0,0,0,0,0,0,0,0,0,0,0,0,0,0,0,0,0,0,0,0,0,0,0,
3556546,Gavin,Kilkenny,Bournemouth,2,MID,4.5,4.5,0,0000-00-00 00:00:00,0,0,0,0.0,0,0,0,0,0,0,0,0,0,0,0,0,0,0,0,0,0,0,0,0,0,0,0,0,
3584371,Arijanet,Muric,Ipswich,0,GK,4.5,4.5,0,0000-00-00 00:00:00,0,0,0,0.0,0,0,0,0,0,0,0,0,0,0,0,0,0,0,0,0,0,0,0,0,0,0,0,0,
3591888,Bart,Verbruggen,Brighton,0,GK,4.5,4.5,0,0000-00-00 00:00:00,0,0,0,0.0,0,0,0,0,0,0,0,0,0,0,0,0,0,0,0,0,0,0,0,0,0,0,0,0,
3627935,Ashley,Young,Everton,1,DEF,4.5,4.5,0,0000-00-00 00:00:00,0,0,0,0.0,0,0,0,0,0,0,0,0,0,0,0,0,0,0,0,0,0,0,0,0,0,0,0,0,
3628155,Milos,Kerkez,Bournemouth,1,DEF,4.5,4.5,0,0000-00-00 00:00:00,0,0,0,0.0,0,0,0,0,0,0,0,0,0,0,0,0,0,0,0,0,0,0,0,0,0,0,0,0,
3628750,Ola,Aina,Nottingham Forest,1,DEF,4.5,4.5,0,0000-00-00 00:00:00,0,0,0,0.0,0,0,0,0,0,0,0,0,0,0,0,0,0,0,0,0,0,0,0,0,0,0,0,0,
3629364,,Igor,Brighton,1,DEF,4.5,4.5,0,0000-00-00 00:00:00,0,0,0,0.0,0,0,0,0,0,0,0,0,0,0,0,0,0,0,0,0,0,0,0,0,0,0,0,0,
3629982,Calvin,Bassey,Fulham,1,DEF,4.5,4.5,0,0000-00-00 00:00:00,0,0,0,0.0,0,0,0,0,0,0,0,0,0,0,0,0,0,0,0,0,0,0,0,0,0,0,0,0,
3631216,Lesley,Ugochukwu,Chelsea,2,MID,4.5,4.5,0,0000-00-00 00:00:00,0,0,0,0.0,0,0,0,0,0,0,0,0,0,0,0,0,0,0,0,0,0,0,0,0,0,0,0,0,
3638504,Edson,Alvarez,West Ham,2,MID,4.5,4.5,0,0000-00-00 00:00:00,0,0,0,0.0,0,0,0,0,0,0,0,0,0,0,0,0,0,0,0,0,0,0,0,0,0,0,0,0,
3638526,Alex,Scott,Bournemouth,2,MID,4.5,4.5,0,0000-00-00 00:00:00,0,0,0,0.0,0,0,0,0,0,0,0,0,0,0,0,0,0,0,0,0,0,0,0,0,0,0,0,0,
3638866,Karl,Hein,Arsenal,0,GK,4.5,4.5,0,0000-00-00 00:00:00,0,0,0,0.0,0,0,0,0,0,0,0,0,0,0,0,0,0,0,0,0,0,0,0,0,0,0,0,0,
3640757,Lewis,Dobbin,Aston Villa,2,MID,4.5,4.5,0,0000-00-00 00:00:00,0,0,0,0.0,0,0,0,0,0,0,0,0,0,0,0,0,0,0,0,0,0,0,0,0,0,0,0,0,
3645684,Jesurun,Rak-Sakyi,Crystal Palace,2,MID,4.5,4.5,0,0000-00-00 00:00:00,0,0,0,0.0,0,0,0,0,0,0,0,0,0,0,0,0,0,0,0,0,0,0,0,0,0,0,0,0,
3646579,Konstantinos,Mavropanos,West Ham,1,DEF,4.5,4.5,0,0000-00-00 00:00:00,0,0,0,0.0,0,0,0,0,0,0,0,0,0,0,0,0,0,0,0,0,0,0,0,0,0,0,0,0,
3651385,Carlos,Baleba,Brighton,2,MID,4.5,4.5,0,0000-00-00 00:00:00,0,0,0,0.0,0,0,0,0,0,0,0,0,0,0,0,0,0,0,0,0,0,0,0,0,0,0,0,0,
3651901,,Murillo,Nottingham Forest,1,DEF,4.5,4.5,0,0000-00-00 00:00:00,0,0,0,0.0,0,0,0,0,0,0,0,0,0,0,0,0,0,0,0,0,0,0,0,0,0,0,0,0,
3651912,Andy,Irving,West Ham,2,MID,4.5,4.5,0,0000-00-00 00:00:00,0,0,0,0.0,0,0,0,0,0,0,0,0,0,0,0,0,0,0,0,0,0,0,0,0,0,0,0,0,
3651914,Tommy,Doyle,Wolves,2,MID,4.5,4.5,0,0000-00-00 00:00:00,0,0,0,0.0,0,0,0,0,0,0,0,0,0,0,0,0,0,0,0,0,0,0,0,0,0,0,0,0,
3652110,Nicolas,Dominguez,Nottingham Forest,2,MID,4.5,4.5,0,0000-00-00 00:00:00,0,0,0,0.0,0,0,0,0,0,0,0,0,0,0,0,0,0,0,0,0,0,0,0,0,0,0,0,0,
3652440,Jean-Ricner,Bellegarde,Wolves,2,MID,4.5,4.5,0,0000-00-00 00:00:00,0,0,0,0.0,0,0,0,0,0,0,0,0,0,0,0,0,0,0,0,0,0,0,0,0,0,0,0,0,
3893797,Michael,Golding,Leicester,2,MID,4.5,4.5,0,0000-00-00 00:00:00,0,0,0,0.0,0,0,0,0,0,0,0,0,0,0,0,0,0,0,0,0,0,0,0,0,0,0,0,0,
230938,Djed,Spence,Spurs,1,DEF,4.5,4.5,0,0000-00-00 00:00:00,0,0,0,0.0,0,0,0,0,0,0,0,0,0,0,0,0,0,0,0,0,0,0,0,0,0,0,0,0,
3879523,Archie,Gray,Spurs,2,MID,4.5,4.5,0,0000-00-00 00:00:00,0,0,0,0.0,0,0,0,0,0,0,0,0,0,0,0,0,0,0,0,0,0,0,0,0,0,0,0,0,
3879572,Jack,Taylor,Ipswich,2,MID,4.5,4.5,0,0000-00-00 00:00:00,0,0,0,0.0,0,0,0,0,0,0,0,0,0,0,0,0,0,0,0,0,0,0,0,0,0,0,0,0,
185167,Nelson,Semedo,Wolves,1,DEF,4.5,4.5,0,0000-00-00 00:00:00,0,0,0,0.0,0,0,0,0,0,0,0,0,0,0,0,0,0,0,0,0,0,0,0,0,0,0,0,0,
186817,Vladimir,Coufal,West Ham,1,DEF,4.5,4.5,0,0000-00-00 00:00:00,0,0,0,0.0,0,0,0,0,0,0,0,0,0,0,0,0,0,0,0,0,0,0,0,0,0,0,0,0,
3879575,Christian,Walton,Ipswich,0,GK,4.5,4.5,0,0000-00-00 00:00:00,0,0,0,0.0,0,0,0,0,0,0,0,0,0,0,0,0,0,0,0,0,0,0,0,0,0,0,0,0,
1677507,Brandon,Austin,Spurs,0,GK,4.5,4.5,0,0000-00-00 00:00:00,0,0,0,0.0,0,0,0,0,0,0,0,0,0,0,0,0,0,0,0,0,0,0,0,0,0,0,0,0,
3752688,Bobby,Clark,Liverpool,2,MID,4.5,4.5,0,0000-00-00 00:00:00,0,0,0,0.0,0,0,0,0,0,0,0,0,0,0,0,0,0,0,0,0,0,0,0,0,0,0,0,0,
3762190,Daniel,Munoz,Crystal Palace,1,DEF,4.5,4.5,0,0000-00-00 00:00:00,0,0,0,0.0,0,0,0,0,0,0,0,0,0,0,0,0,0,0,0,0,0,0,0,0,0,0,0,0,
3879581,Cameron,Humphreys,Ipswich,2,MID,4.5,4.5,0,0000-00-00 00:00:00,0,0,0,0.0,0,0,0,0,0,0,0,0,0,0,0,0,0,0,0,0,0,0,0,0,0,0,0,0,
183010,Ryan,Fraser,Newcastle,2,MID,4.5,4.5,0,0000-00-00 00:00:00,0,0,0,0.0,0,0,0,0,0,0,0,0,0,0,0,0,0,0,0,0,0,0,0,0,0,0,0,0,
230744,Jefferson,Lerma,Crystal Palace,2,MID,4.5,4.5,0,0000-00-00 00:00:00,0,0,0,0.0,0,0,0,0,0,0,0,0,0,0,0,0,0,0,0,0,0,0,0,0,0,0,0,0,
23000,Kurt,Zouma,West Ham,1,DEF,4.5,4.5,0,0000-00-00 00:00:00,0,0,0,0.0,0,0,0,0,0,0,0,0,0,0,0,0,0,0,0,0,0,0,0,0,0,0,0,0,
23024,Alex,McCarthy,Southampton,0,GK,4.0,4.0,0,0000-00-00 00:00:00,0,0,0,0.0,0,0,0,0,0,0,0,0,0,0,0,0,0,0,0,0,0,0,0,0,0,0,0,0,
23059,Seamus,Coleman,Everton,1,DEF,4.0,4.0,0,0000-00-00 00:00:00,0,0,0,0.0,0,0,0,0,0,0,0,0,0,0,0,0,0,0,0,0,0,0,0,0,0,0,0,0,
23378,Michael,Keane,Everton,1,DEF,4.0,4.0,0,0000-00-00 00:00:00,0,0,0,0.0,0,0,0,0,0,0,0,0,0,0,0,0,0,0,0,0,0,0,0,0,0,0,0,0,
23448,Lukasz,Fabianski,West Ham,0,GK,4.0,4.0,0,0000-00-00 00:00:00,0,0,0,0.0,0,0,0,0,0,0,0,0,0,0,0,0,0,0,0,0,0,0,0,0,0,0,0,0,
23543,Aaron,Cresswell,West Ham,1,DEF,4.0,4.0,0,0000-00-00 00:00:00,0,0,0,0.0,0,0,0,0,0,0,0,0,0,0,0,0,0,0,0,0,0,0,0,0,0,0,0,0,
88496,Conor,Coady,Leicester,1,DEF,4.0,4.0,0,0000-00-00 00:00:00,0,0,0,0.0,0,0,0,0,0,0,0,0,0,0,0,0,0,0,0,0,0,0,0,0,0,0,0,0,
90843,Danny,Ward,Leicester,0,GK,4.0,4.0,0,0000-00-00 00:00:00,0,0,0,0.0,0,0,0,0,0,0,0,0,0,0,0,0,0,0,0,0,0,0,0,0,0,0,0,0,
131320,Mason,Holgate,Everton,1,DEF,4.0,4.0,0,0000-00-00 00:00:00,0,0,0,0.0,0,0,0,0,0,0,0,0,0,0,0,0,0,0,0,0,0,0,0,0,0,0,0,0,
132423,Kortney,Hause,Aston Villa,1,DEF,4.0,4.0,0,0000-00-00 00:00:00,0,0,0,0.0,0,0,0,0,0,0,0,0,0,0,0,0,0,0,0,0,0,0,0,0,0,0,0,0,
175378,Luke,Thomas,Leicester,1,DEF,4.0,4.0,0,0000-00-00 00:00:00,0,0,0,0.0,0,0,0,0,0,0,0,0,0,0,0,0,0,0,0,0,0,0,0,0,0,0,0,0,
184652,Ki-Jana,Hoever,Wolves,1,DEF,4.0,4.0,0,0000-00-00 00:00:00,0,0,0,0.0,0,0,0,0,0,0,0,0,0,0,0,0,0,0,0,0,0,0,0,0,0,0,0,0,
192195,Rico,Henry,Brentford,1,DEF,4.0,4.0,0,0000-00-00 00:00:00,0,0,0,0.0,0,0,0,0,0,0,0,0,0,0,0,0,0,0,0,0,0,0,0,0,0,0,0,0,
230737,Mark,Travers,Bournemouth,0,GK,4.0,4.0,0,0000-00-00 00:00:00,0,0,0,0.0,0,0,0,0,0,0,0,0,0,0,0,0,0,0,0,0,0,0,0,0,0,0,0,0,
230738,Chris,Mepham,Bournemouth,1,DEF,4.0,4.0,0,0000-00-00 00:00:00,0,0,0,0.0,0,0,0,0,0,0,0,0,0,0,0,0,0,0,0,0,0,0,0,0,0,0,0,0,
230975,Joe,Worrall,Nottingham Forest,1,DEF,4.0,4.0,0,0000-00-00 00:00:00,0,0,0,0.0,0,0,0,0,0,0,0,0,0,0,0,0,0,0,0,0,0,0,0,0,0,0,0,0,
231960,Kjell,Scherpen,Brighton,0,GK,4.0,4.0,0,0000-00-00 00:00:00,0,0,0,0.0,0,0,0,0,0,0,0,0,0,0,0,0,0,0,0,0,0,0,0,0,0,0,0,0,
259132,Mathias Jorgensen,Zanka,Brentford,1,DEF,4.0,4.0,0,0000-00-00 00:00:00,0,0,0,0.0,0,0,0,0,0,0,0,0,0,0,0,0,0,0,0,0,0,0,0,0,0,0,0,0,
280848,James,Hill,Bournemouth,1,DEF,4.0,4.0,0,0000-00-00 00:00:00,0,0,0,0.0,0,0,0,0,0,0,0,0,0,0,0,0,0,0,0,0,0,0,0,0,0,0,0,0,
1803644,Omar,Richards,Nottingham Forest,1,DEF,4.0,4.0,0,0000-00-00 00:00:00,0,0,0,0.0,0,0,0,0,0,0,0,0,0,0,0,0,0,0,0,0,0,0,0,0,0,0,0,0,
1803646,Aaron,Hickey,Brentford,1,DEF,4.0,4.0,0,0000-00-00 00:00:00,0,0,0,0.0,0,0,0,0,0,0,0,0,0,0,0,0,0,0,0,0,0,0,0,0,0,0,0,0,
1908559,Kevin,Mbabu,Fulham,1,DEF,4.0,4.0,0,0000-00-00 00:00:00,0,0,0,0.0,0,0,0,0,0,0,0,0,0,0,0,0,0,0,0,0,0,0,0,0,0,0,0,0,
1954996,Daniel,Iversen,Leicester,0,GK,4.0,4.0,0,0000-00-00 00:00:00,0,0,0,0.0,0,0,0,0,0,0,0,0,0,0,0,0,0,0,0,0,0,0,0,0,0,0,0,0,
2397561,Juan,Larios,Southampton,1,DEF,4.0,4.0,0,0000-00-00 00:00:00,0,0,0,0.0,0,0,0,0,0,0,0,0,0,0,0,0,0,0,0,0,0,0,0,0,0,0,0,0,
2584318,Hugo,H.Bueno,Wolves,1,DEF,4.0,4.0,0,0000-00-00 00:00:00,0,0,0,0.0,0,0,0,0,0,0,0,0,0,0,0,0,0,0,0,0,0,0,0,0,0,0,0,0,
2911675,James,Bree,Southampton,1,DEF,4.0,4.0,0,0000-00-00 00:00:00,0,0,0,0.0,0,0,0,0,0,0,0,0,0,0,0,0,0,0,0,0,0,0,0,0,0,0,0,0,
2911676,Daniel,Bentley,Wolves,0,GK,4.0,4.0,0,0000-00-00 00:00:00,0,0,0,0.0,0,0,0,0,0,0,0,0,0,0,0,0,0,0,0,0,0,0,0,0,0,0,0,0,
2930179,Harry,Souttar,Leicester,1,DEF,4.0,4.0,0,0000-00-00 00:00:00,0,0,0,0.0,0,0,0,0,0,0,0,0,0,0,0,0,0,0,0,0,0,0,0,0,0,0,0,0,
3584334,Charlie,Taylor,Southampton,1,DEF,4.0,4.0,0,0000-00-00 00:00:00,0,0,0,0.0,0,0,0,0,0,0,0,0,0,0,0,0,0,0,0,0,0,0,0,0,0,0,0,0,
3584350,Wes,Foderingham,West Ham,0,GK,4.0,4.0,0,0000-00-00 00:00:00,0,0,0,0.0,0,0,0,0,0,0,0,0,0,0,0,0,0,0,0,0,0,0,0,0,0,0,0,0,
3628568,Matt,Doherty,Wolves,1,DEF,4.0,4.0,0,0000-00-00 00:00:00,0,0,0,0.0,0,0,0,0,0,0,0,0,0,0,0,0,0,0,0,0,0,0,0,0,0,0,0,0,
3638606,Max,Aarons,Bournemouth,1,DEF,4.0,4.0,0,0000-00-00 00:00:00,0,0,0,0.0,0,0,0,0,0,0,0,0,0,0,0,0,0,0,0,0,0,0,0,0,0,0,0,0,
3651663,Santiago,S.Bueno,Wolves,1,DEF,4.0,4.0,0,0000-00-00 00:00:00,0,0,0,0.0,0,0,0,0,0,0,0,0,0,0,0,0,0,0,0,0,0,0,0,0,0,0,0,0,
3652444,Andrew,Omobamidele,Nottingham Forest,1,DEF,4.0,4.0,0,0000-00-00 00:00:00,0,0,0,0.0,0,0,0,0,0,0,0,0,0,0,0,0,0,0,0,0,0,0,0,0,0,0,0,0,
3737495,Yerson,Mosquera,Wolves,1,DEF,4.0,4.0,0,0000-00-00 00:00:00,0,0,0,0.0,0,0,0,0,0,0,0,0,0,0,0,0,0,0,0,0,0,0,0,0,0,0,0,0,
3757741,Hakon Rafn,Valdimarsson,Brentford,0,GK,4.0,4.0,0,0000-00-00 00:00:00,0,0,0,0.0,0,0,0,0,0,0,0,0,0,0,0,0,0,0,0,0,0,0,0,0,0,0,0,0,
3809022,Kaine,Kesler-Hayden,Aston Villa,1,DEF,4.0,4.0,0,0000-00-00 00:00:00,0,0,0,0.0,0,0,0,0,0,0,0,0,0,0,0,0,0,0,0,0,0,0,0,0,0,0,0,0,
3879501,Alex,Paulsen,Bournemouth,0,GK,4.0,4.0,0,0000-00-00 00:00:00,0,0,0,0.0,0,0,0,0,0,0,0,0,0,0,0,0,0,0,0,0,0,0,0,0,0,0,0,0,
3879502,Tom,King,Wolves,0,GK,4.0,4.0,0,0000-00-00 00:00:00,0,0,0,0.0,0,0,0,0,0,0,0,0,0,0,0,0,0,0,0,0,0,0,0,0,0,0,0,0,
3879508,Mateusz,Lis,Southampton,0,GK,4.0,4.0,0,0000-00-00 00:00:00,0,0,0,0.0,0,0,0,0,0,0,0,0,0,0,0,0,0,0,0,0,0,0,0,0,0,0,0,0,
3879509,Joe,Lumley,Southampton,0,GK,4.0,4.0,0,0000-00-00 00:00:00,0,0,0,0.0,0,0,0,0,0,0,0,0,0,0,0,0,0,0,0,0,0,0,0,0,0,0,0,0,
3879511,Jack,Stephens,Southampton,1,DEF,4.0,4.0,0,0000-00-00 00:00:00,0,0,0,0.0,0,0,0,0,0,0,0,0,0,0,0,0,0,0,0,0,0,0,0,0,0,0,0,0,
3879517,Jakub,Stolarczyk,Leicester,0,GK,4.0,4.0,0,0000-00-00 00:00:00,0,0,0,0.0,0,0,0,0,0,0,0,0,0,0,0,0,0,0,0,0,0,0,0,0,0,0,0,0,
3879559,Axel,Tuanzebe,Ipswich,1,DEF,4.0,4.0,0,0000-00-00 00:00:00,0,0,0,0.0,0,0,0,0,0,0,0,0,0,0,0,0,0,0,0,0,0,0,0,0,0,0,0,0,
3879567,Cieran,Slicker,Ipswich,0,GK,4.0,4.0,0,0000-00-00 00:00:00,0,0,0,0.0,0,0,0,0,0,0,0,0,0,0,0,0,0,0,0,0,0,0,0,0,0,0,0,0,
3879573,George,Edmundson,Ipswich,1,DEF,4.0,4.0,0,0000-00-00 00:00:00,0,0,0,0.0,0,0,0,0,0,0,0,0,0,0,0,0,0,0,0,0,0,0,0,0,0,0,0,0,
3879578,Elkan,Baggott,Ipswich,1,DEF,4.0,4.0,0,0000-00-00 00:00:00,0,0,0,0.0,0,0,0,0,0,0,0,0,0,0,0,0,0,0,0,0,0,0,0,0,0,0,0,0,
3879580,Corrie,Ndaba,Ipswich,1,DEF,4.0,4.0,0,0000-00-00 00:00:00,0,0,0,0.0,0,0,0,0,0,0,0,0,0,0,0,0,0,0,0,0,0,0,0,0,0,0,0,0,
3879584,Janoi,Donacien,Ipswich,1,DEF,4.0,4.0,0,0000-00-00 00:00:00,0,0,0,0.0,0,0,0,0,0,0,0,0,0,0,0,0,0,0,0,0,0,0,0,0,0,0,0,0,
3893794,Ronnie,Edwards,Southampton,1,DEF,4.0,4.0,0,0000-00-00 00:00:00,0,0,0,0.0,0,0,0,0,0,0,0,0,0,0,0,0,0,0,0,0,0,0,0,0,0,0,0,0,
3893798,Carlos,Miguel,Nottingham Forest,0,GK,4.0,4.0,0,0000-00-00 00:00:00,0,0,0,0.0,0,0,0,0,0,0,0,0,0,0,0,0,0,0,0,0,0,0,0,0,0,0,0,0,
3893795,Nathan,Wood,Southampton,1,DEF,4.0,4.0,0,0000-00-00 00:00:00,0,0,0,0.0,0,0,0,0,0,0,0,0,0,0,0,0,0,0,0,0,0,0,0,0,0,0,0,0,
3908587,Conor,Townsend,Ipswich,1,DEF,4.0,4.0,0,0000-00-00 00:00:00,0,0,0,0.0,0,0,0,0,0,0,0,0,0,0,0,0,0,0,0,0,0,0,0,0,0,0,0,0,
3897776,Caleb,Wiley,Chelsea,1,DEF,4.0,4.0,0,0000-00-00 00:00:00,0,0,0,0.0,0,0,0,0,0,0,0,0,0,0,0,0,0,0,0,0,0,0,0,0,0,0,0,0,
3908587,Conor,Townsend,Ipswich,1,DEF,4.0,4.0,0,0000-00-00 00:00:00,0,0,0,0.0,0,0,0,0,0,0,0,0,0,0,0,0,0,0,0,0,0,0,0,0,0,0,0,0,
45084,Pascal,GroSs,Brighton,2,MID,7.0,7.0,0,0000-00-00 00:00:00,0,0,0,0.0,0,0,0,0,0,0,0,0,0,0,0,0,0,0,0,0,0,0,0,0,0,0,0,0,
3914553,Niclas,Fullkrug,West Ham,3,FOR,6.5,6.5,0,0000-00-00 00:00:00,0,0,0,0.0,0,0,0,0,0,0,0,0,0,0,0,0,0,0,0,0,0,0,0,0,0,0,0,0,
3912182,Cryscencio,Summerville,West Ham,2,MID,6.0,6.0,0,0000-00-00 00:00:00,0,0,0,0.0,0,0,0,0,0,0,0,0,0,0,0,0,0,0,0,0,0,0,0,0,0,0,0,0,
3912183,Ismaila,Sarr,Crystal Palace,2,MID,5.5,5.5,0,0000-00-00 00:00:00,0,0,0,0.0,0,0,0,0,0,0,0,0,0,0,0,0,0,0,0,0,0,0,0,0,0,0,0,0,
3912181,Jorge,Cuenca,Fulham,1,DEF,4.5,4.5,0,0000-00-00 00:00:00,0,0,0,0.0,0,0,0,0,0,0,0,0,0,0,0,0,0,0,0,0,0,0,0,0,0,0,0,0,
3914568,Guido,Rodriguez,West Ham,2,MID,4.5,4.5,0,0000-00-00 00:00:00,0,0,0,0.0,0,0,0,0,0,0,0,0,0,0,0,0,0,0,0,0,0,0,0,0,0,0,0,0,
