FPL_ID,ID,First Name,Last Name,Team,Position,Price £m,TPts,B Pts,L3 Avg,% Owned,% OwnedTop 100,% OwnedTop 1000,averagePoints,GW Pts,G,SOT,BCC,Tck,A,YC,RC,PM,OG,SV,CS,GC,PPMs->,D,C,OS,PC%,I,B,FW,FM,Unnamed: 0
348.0,209244,Phil,Foden,Manchester City,MID,6.5,392,55,0,30.3,,,8.0,0,26,65,16,37,13,3,0,0,0,0,0,0.0,,60,27,8,88,18,0,75,20.0,
351.0,223094,Erling,Haaland,Manchester City,STR,8.5,385,0,0,53.8,,,9.0,0,38,88,8,11,9,1,0,1,0,0,0,0.0,,16,1,9,77,2,1,40,25.0,
182.0,244851,Cole,Palmer,Chelsea,MID,6.0,368,33,0,57.2,,,8.0,0,25,65,24,31,18,8,0,0,0,0,0,0.0,,68,23,8,82,28,2,39,28.0,
17.0,223340,Bukayo,Saka,Arsenal,MID,6.0,363,52,0,33.4,,,7.9,0,20,44,19,84,16,4,0,0,0,0,0,0.0,,60,53,11,83,17,3,95,50.0,
328.0,118748,Mohamed,Salah,Liverpool,STR,7.0,330,2,0,23.5,,,7.5,0,25,72,28,19,16,2,0,2,0,0,0,0.0,,31,12,25,76,3,1,30,13.0,
366.0,141746,Bruno,Fernandes,Manchester United,MID,6.0,328,21,0,13.9,,,6.8,0,15,55,31,103,14,12,0,1,0,0,0,0.0,,34,69,14,78,39,7,41,56.0,
58.0,178301,Ollie,Watkins,Aston Villa,STR,6.0,315,0,0,28.7,,,6.2,0,24,58,11,16,18,7,0,0,0,0,0,0.0,,34,4,18,77,4,6,49,34.0,
394.0,208706,Bruno,Guimaraes,Newcastle United,MID,4.5,304,83,0,6.4,,,6.1,0,7,20,13,117,11,13,0,0,0,0,0,0.0,,84,16,0,83,48,24,139,68.0,
514.0,178186,Jarrod,Bowen,West Ham United,STR,5.0,300,15,0,3.6,,,6.8,0,20,47,16,53,11,4,0,0,0,0,0,0.0,,48,20,22,75,21,5,55,39.0,
525.0,460842,Mohammed,Kudus,West Ham United,MID,5.0,300,70,0,5.9,,,6.7,0,13,27,8,94,9,7,0,0,0,0,0,0.0,,150,30,21,83,19,1,90,49.0,
316.0,447203,Darwin,Nunez,Liverpool,STR,4.5,284,0,0,6.7,,,5.3,0,18,69,12,37,18,11,0,1,0,0,0,0.0,,33,5,45,69,4,7,21,39.0,
352.0,461358,Julian,Alvarez,Manchester City,STR,4.5,280,16,0,2.0,,,5.6,0,17,55,8,31,14,4,0,0,0,0,0,0.0,,28,41,2,87,2,1,14,26.0,
398.0,232826,Anthony,Gordon,Newcastle United,MID,4.5,278,30,0,25.4,,,5.8,0,12,37,17,72,17,12,1,0,0,0,0,0.0,,63,33,9,81,10,0,91,47.0,
13.0,184029,Martin,Odegaard,Arsenal,MID,5.0,272,32,0,20.9,,,5.8,0,11,31,18,64,13,2,0,0,0,0,0,0.0,,50,34,4,85,22,1,48,35.0,
169.0,232787,Conor,Gallagher,Chelsea,MID,4.0,269,52,0,1.3,,,5.4,0,7,24,12,108,11,8,1,0,0,0,0,0.0,,60,26,2,90,54,12,79,101.0,
401.0,219168,Alexander,Isak,Newcastle United,STR,5.0,267,3,0,34.6,,,6.7,0,25,51,7,10,5,1,0,1,0,0,0,0.0,,49,0,19,79,7,4,23,21.0,
24.0,198869,Ben,White,Arsenal,DEF,5.0,266,18,0,12.5,,,5.3,0,4,10,8,58,6,11,0,0,1,0,22,36.0,,13,14,12,83,44,26,15,29.0,
125.0,60307,Pascal,Gross,Brighton and Hove Albion,MID,4.0,260,58,0,1.1,,,5.5,0,5,23,14,84,14,7,0,0,0,0,0,0.0,,18,114,4,89,23,9,34,31.0,
531.0,101178,James,Ward-Prowse,West Ham United,MID,3.5,259,54,0,3.7,,,5.1,0,7,22,18,56,11,5,0,0,0,0,0,0.0,,12,92,1,88,45,11,22,35.0,
16.0,204480,Declan,Rice,Arsenal,MID,4.0,256,41,0,9.2,,,5.1,0,7,21,9,104,10,7,0,0,0,0,0,0.0,,37,25,2,89,58,18,21,41.0,
129.0,475168,Joao,Pedro,Brighton and Hove Albion,STR,3.5,255,26,0,3.3,,,6.4,0,20,40,12,37,3,4,0,1,0,0,0,0.0,,57,15,12,80,11,2,81,25.0,
360.0,220566,,Rodri,Manchester City,MID,4.5,253,36,0,13.5,,,5.5,0,9,26,8,92,14,10,1,0,0,0,0,0.0,,55,2,6,92,33,9,47,56.0,
503.0,85971,Heung-Min,Son,Tottenham Hotspur,STR,5.0,251,14,0,12.2,,,7.0,0,17,40,20,21,10,1,0,0,1,0,0,0.0,,39,5,20,85,8,1,39,12.0,
327.0,244731,Luis,Diaz,Liverpool,MID,4.5,250,17,0,9.7,,,4.9,0,13,46,6,46,8,3,0,0,0,0,0,0.0,,89,7,25,83,6,0,59,67.0,
321.0,243298,Cody,Gakpo,Liverpool,STR,4.5,248,14,0,7.9,,,4.7,0,16,42,10,41,7,2,0,0,0,0,0,0.0,,49,16,14,78,17,4,63,46.0,
342.0,165809,Bernardo,Silva,Manchester City,MID,4.5,247,33,0,4.1,,,5.4,0,11,24,15,67,10,9,0,0,0,0,0,0.0,,44,26,3,89,28,6,35,31.0,
3.0,226597,,Gabriel,Arsenal,DEF,5.0,247,18,0,8.6,,,5.0,0,3,11,2,62,1,4,0,0,1,0,21,39.0,,2,1,3,87,38,40,41,49.0,
180.0,517052,Nicolas,Jackson,Chelsea,STR,4.0,247,9,0,1.5,,,5.6,0,17,49,11,28,7,10,0,0,0,0,0,0.0,,69,1,34,77,8,5,48,38.0,
48.0,122806,John,McGinn,Aston Villa,MID,4.0,245,39,0,1.6,,,4.8,0,9,22,13,74,8,11,1,0,0,0,0,0.0,,65,33,3,81,26,4,94,52.0,
82.0,154566,Dominic,Solanke,Bournemouth,STR,4.0,243,2,0,4.2,,,5.8,0,21,43,4,24,5,5,0,1,0,0,0,0.0,,40,3,18,73,7,5,49,45.0,
18.0,462424,William,Saliba,Arsenal,DEF,5.0,238,15,0,25.4,,,4.9,0,2,4,0,53,1,6,0,0,0,0,22,39.0,,12,1,0,91,36,20,19,36.0,
4.0,219847,Kai,Havertz,Arsenal,STR,4.5,236,5,0,11.1,,,4.7,0,14,34,13,55,10,13,0,0,0,0,0,0.0,,20,3,21,80,23,2,62,81.0,
372.0,493105,Alejandro,Garnacho,Manchester United,MID,4.0,236,20,0,9.9,,,4.7,0,10,40,10,35,11,4,0,0,0,0,0,0.0,,58,13,20,80,26,2,74,27.0,
541.0,430871,Matheus,Cunha,Wolverhampton Wanderers,STR,3.5,231,27,0,1.1,,,6.4,0,14,44,8,38,8,10,0,0,0,0,0,0.0,,73,2,8,80,16,8,55,32.0,
28.0,215711,Leon,Bailey,Aston Villa,MID,4.0,229,16,0,2.5,,,4.6,0,12,27,15,23,16,7,0,0,0,0,0,0.0,,85,34,13,75,12,1,40,39.0,
199.0,232413,Eberechi,Eze,Crystal Palace,MID,4.5,225,48,0,15.8,,,7.3,0,11,37,9,37,7,4,0,0,0,0,0,0.0,,77,40,11,83,11,2,55,31.0,
350.0,477424,Josko,Gvardiol,Manchester City,DEF,4.5,224,27,0,17.8,,,5.7,0,5,15,3,63,3,5,0,0,0,0,13,34.0,,34,4,4,88,41,14,29,31.0,
311.0,169187,Trent,Alexander-Arnold,Liverpool,DEF,5.5,223,35,0,17.7,,,6.0,0,3,11,19,48,13,7,0,0,0,0,11,34.0,,37,64,2,78,37,5,12,11.0,
369.0,216051,Diogo,Dalot,Manchester United,DEF,4.0,223,31,0,5.5,,,4.5,0,3,10,8,102,6,5,1,0,0,0,12,78.0,,48,31,3,81,52,23,17,57.0,
329.0,243016,Alexis,Mac Allister,Liverpool,MID,4.0,222,33,0,4.4,,,4.8,0,7,12,4,130,7,9,1,0,0,0,0,0.0,,25,13,1,86,45,10,67,72.0,
346.0,248875,Jeremy,Doku,Manchester City,MID,4.0,222,57,0,5.7,,,5.2,0,6,32,7,53,12,4,0,0,0,0,0,0.0,,132,20,6,86,11,0,54,21.0,
207.0,231747,Jean-Philippe,Mateta,Crystal Palace,STR,3.5,216,0,0,4.5,,,5.5,0,19,34,5,25,7,5,0,0,0,0,0,0.0,,29,5,27,73,5,4,25,36.0,
495.0,441164,Pedro,Porro,Tottenham Hotspur,DEF,4.0,216,30,0,11.9,,,5.8,0,4,13,13,98,8,4,0,0,0,0,8,55.0,,29,40,1,78,37,20,31,37.0,
527.0,224024,Lucas,Paqueta,West Ham United,MID,4.0,213,19,0,1.0,,,5.0,0,8,16,16,97,7,13,0,0,0,0,0,0.0,,53,12,6,74,24,2,85,65.0,
339.0,97032,Virgil,van Dijk,Liverpool,DEF,5.0,212,26,0,10.2,,,4.4,0,4,17,4,50,2,4,1,0,0,0,12,51.0,,3,0,1,91,48,42,14,28.0,
433.0,222531,Morgan,Gibbs-White,Nottingham Forest,MID,3.5,212,39,0,4.6,,,5.0,0,6,19,19,38,12,9,0,0,0,0,0,0.0,,45,62,6,76,19,8,65,40.0,
34.0,243557,Moussa,Diaby,Aston Villa,MID,3.5,212,4,0,0.8,,,4.0,0,10,35,14,21,12,4,0,0,0,0,0,0.0,,39,13,7,82,10,1,20,25.0,
186.0,103955,Raheem,Sterling,Chelsea,MID,3.0,208,21,0,1.4,,,4.8,0,10,28,13,31,12,8,0,1,0,0,0,0.0,,63,14,12,81,17,0,49,43.0,
530.0,215439,Tomas,Soucek,West Ham United,MID,3.0,206,10,0,0.4,,,4.0,0,10,22,5,69,4,9,0,0,0,0,0,0.0,,5,3,10,76,56,37,32,61.0,
363.0,58621,Kyle,Walker,Manchester City,DEF,4.0,205,25,0,11.3,,,4.8,0,0,6,9,48,5,2,0,0,0,0,14,39.0,,24,21,8,89,33,6,23,30.0,
418.0,77794,Kieran,Trippier,Newcastle United,DEF,4.0,204,39,0,10.7,,,5.2,0,1,3,19,74,11,5,0,0,0,0,9,51.0,,19,90,5,78,30,10,27,41.0,
383.0,202641,Andre,Onana,Manchester United,GK,4.0,204,0,0,7.4,,,4.0,0,0,0,0,2,0,7,0,0,0,193,13,83.0,,3,0,0,70,1,0,5,1.0,
340.0,211975,Manuel,Akanji,Manchester City,DEF,4.5,202,23,0,4.4,,,4.6,0,4,7,3,61,0,5,1,0,0,0,13,37.0,,4,3,0,91,31,15,31,26.0,
236.0,17761,James,Tarkowski,Everton,DEF,3.0,201,27,0,2.1,,,4.5,0,2,6,5,67,1,12,0,0,0,0,16,55.0,,19,3,1,76,67,59,29,53.0,
255.0,169528,Antonee,Robinson,Fulham,DEF,3.0,201,41,0,2.7,,,4.6,0,0,8,6,111,7,6,0,0,2,0,9,68.0,,49,35,3,74,90,10,24,36.0,
168.0,448047,Enzo,Fernandez,Chelsea,MID,3.5,201,29,0,0.7,,,5.0,0,7,29,7,84,4,10,0,1,0,0,0,0.0,,24,13,4,85,25,16,49,41.0,
223.0,232928,James,Garner,Everton,MID,2.5,199,38,0,0.5,,,4.5,0,2,12,9,115,3,7,0,0,0,0,0,0.0,,24,34,3,78,54,15,52,47.0,
230.0,433154,Dwight,McNeil,Everton,MID,3.0,199,41,0,0.2,,,4.9,0,3,17,18,51,9,3,0,0,0,0,0,0.0,,32,74,5,77,25,7,38,19.0,
336.0,424876,Dominik,Szoboszlai,Liverpool,MID,4.0,198,28,0,5.1,,,4.4,0,7,28,9,37,6,1,0,0,0,0,0,0.0,,28,36,3,84,23,3,34,36.0,
23.0,116216,Leandro,Trossard,Arsenal,MID,4.0,196,4,0,2.6,,,4.4,0,16,28,4,31,3,2,0,0,0,0,0,0.0,,31,18,10,74,11,1,30,23.0,
9.0,444145,Gabriel,Martinelli,Arsenal,MID,4.0,196,25,0,4.5,,,4.6,0,8,27,10,35,7,1,0,0,0,0,0,0.0,,62,31,9,81,7,1,30,33.0,
319.0,444884,Harvey,Elliott,Liverpool,MID,3.0,196,18,0,3.2,,,3.7,0,4,32,12,49,14,4,0,0,0,0,0,0.0,,26,33,3,86,14,1,23,16.0,
29.0,88894,Ross,Barkley,Aston Villa,MID,3.5,194,37,0,1.6,,,5.2,0,5,25,9,53,7,6,0,0,0,0,0,0.0,,68,14,0,84,25,12,41,28.0,
44.0,199798,Ezri,Konsa,Aston Villa,DEF,4.0,194,54,0,6.4,,,4.0,0,1,6,1,67,1,7,1,0,0,0,11,71.0,,22,4,0,92,33,24,86,21.0,
15.0,154561,David,Raya,Arsenal,GK,4.5,193,0,0,13.8,,,4.7,0,0,0,0,1,0,2,0,0,0,63,20,31.0,,0,0,0,71,0,0,4,0.0,
157.0,486672,Moises,Caicedo,Chelsea,MID,3.0,192,38,0,0.5,,,4.0,0,1,6,7,128,4,14,0,0,0,0,0,0.0,,30,0,0,90,48,26,70,74.0,
410.0,180135,Sean,Longstaff,Newcastle United,MID,2.5,191,15,0,0.4,,,4.2,0,8,21,6,73,3,8,0,0,0,0,0,0.0,,15,9,2,80,28,8,48,36.0,
219.0,480455,Jarrad,Branthwaite,Everton,DEF,3.5,190,13,0,6.8,,,4.6,0,3,5,1,76,1,8,0,0,0,0,15,48.0,,5,1,5,77,57,39,25,27.0,
375.0,497894,Rasmus,Hojlund,Manchester United,STR,4.0,190,0,0,4.1,,,4.4,0,16,30,1,14,2,2,0,0,0,0,0,0.0,,27,2,18,75,2,3,42,30.0,
415.0,119471,Fabian,Schar,Newcastle United,DEF,3.5,189,20,0,8.8,,,4.0,0,5,13,2,55,3,9,0,0,0,0,12,68.0,,13,3,1,80,45,46,32,42.0,
492.0,445044,Dejan,Kulusevski,Tottenham Hotspur,MID,3.0,188,16,0,2.8,,,4.8,0,8,24,14,66,3,7,0,0,0,0,0,0.0,,58,22,11,80,19,1,33,56.0,
63.0,158499,Ryan,Christie,Bournemouth,MID,2.5,184,35,0,0.1,,,4.3,0,1,15,10,95,5,6,0,0,0,0,0,0.0,,54,22,5,78,56,12,45,50.0,
395.0,78916,Dan,Burn,Newcastle United,DEF,3.0,181,8,0,7.4,,,4.2,0,4,8,4,77,2,4,0,0,0,0,11,52.0,,5,4,5,79,40,30,11,40.0,
322.0,171287,Joe,Gomez,Liverpool,DEF,3.5,181,19,0,1.6,,,3.5,0,0,4,4,79,5,7,0,0,0,0,11,34.0,,24,19,0,84,37,12,22,37.0,
361.0,171314,Ruben,Dias,Manchester City,DEF,4.5,181,20,0,6.0,,,4.2,0,0,11,1,57,2,3,0,0,2,0,13,39.0,,1,4,0,94,43,21,22,38.0,
317.0,194634,Diogo,Jota,Liverpool,STR,4.5,180,2,0,2.5,,,5.6,0,15,28,8,29,8,1,1,0,0,0,0,0.0,,25,1,3,74,10,1,33,34.0,
192.0,80146,Jordan,Ayew,Crystal Palace,STR,2.5,179,32,0,0.5,,,4.8,0,4,20,8,69,8,7,1,0,0,0,0,0.0,,57,20,7,80,18,3,101,48.0,
494.0,172780,James,Maddison,Tottenham Hotspur,MID,4.0,179,43,0,11.8,,,6.0,0,4,23,11,34,11,5,0,0,0,0,0,0.0,,34,25,2,85,13,3,75,21.0,
381.0,195851,Scott,McTominay,Manchester United,MID,3.0,179,5,0,1.0,,,4.2,0,10,27,5,59,3,4,0,0,0,0,0,0.0,,16,0,7,81,16,18,33,40.0,
345.0,61366,Kevin,De Bruyne,Manchester City,MID,6.5,178,14,0,9.7,,,7.1,0,6,25,25,19,19,3,0,0,0,0,0,0.0,,15,39,3,80,4,0,18,18.0,
235.0,111234,Jordan,Pickford,Everton,GK,3.5,177,0,0,7.4,,,4.2,0,0,0,0,1,0,5,0,0,1,129,14,54.0,,1,0,0,59,0,0,6,1.0,
520.0,109533,,Emerson,West Ham United,DEF,2.5,176,26,0,1.5,,,3.7,0,1,5,2,127,4,13,0,0,1,0,8,75.0,,32,13,1,82,46,16,40,37.0,
385.0,176297,Marcus,Rashford,Manchester United,STR,4.0,176,7,0,4.2,,,4.1,0,8,29,9,25,6,2,1,0,0,0,0,0.0,,62,4,17,78,5,1,25,17.0,
210.0,244723,Tyrick,Mitchell,Crystal Palace,DEF,3.0,175,5,0,1.4,,,4.3,0,2,5,5,115,3,6,0,0,0,0,11,61.0,,18,18,1,71,30,12,17,24.0,
113.0,535818,Simon,Adingra,Brighton and Hove Albion,MID,3.0,173,10,0,0.3,,,4.3,0,7,29,9,52,3,3,0,0,0,0,0,0.0,,62,18,21,79,19,2,24,36.0,
32.0,199796,Matty,Cash,Aston Villa,DEF,3.0,172,15,0,4.1,,,3.9,0,4,18,6,79,3,11,0,0,1,0,7,51.0,,19,14,3,83,27,17,30,37.0,
240.0,156689,Andreas,Pereira,Fulham,MID,2.5,170,23,0,0.5,,,3.9,0,3,17,9,30,11,6,0,0,0,0,0,0.0,,24,78,3,75,4,4,33,25.0,
110.0,216646,Yoane,Wissa,Brentford,STR,2.5,170,0,0,0.6,,,4.7,0,12,29,7,30,4,8,0,0,0,0,0,0.0,,24,5,24,73,9,3,51,39.0,
533.0,448514,Rayan,Ait-Nouri,Wolverhampton Wanderers,DEF,3.0,169,39,0,1.3,,,4.4,0,3,10,4,75,4,8,0,0,0,0,5,47.0,,71,9,10,83,18,7,61,30.0,
391.0,179018,Miguel,Almiron,Newcastle United,MID,3.0,168,11,0,1.2,,,3.7,0,5,18,10,71,4,4,0,0,0,0,0,0.0,,27,4,13,85,17,3,38,23.0,
447.0,60689,Chris,Wood,Nottingham Forest,STR,2.5,167,0,0,1.0,,,4.8,0,15,29,3,8,1,1,0,0,0,0,0,0.0,,6,1,9,57,2,4,17,23.0,
47.0,98980,Emiliano,Martinez,Aston Villa,GK,3.5,167,0,0,18.7,,,3.6,0,0,0,0,1,0,7,0,0,2,125,13,61.0,,0,0,0,83,1,0,9,1.0,
231.0,224967,Vitalii,Mykolenko,Everton,DEF,3.0,166,9,0,1.5,,,4.9,0,2,5,3,80,1,1,0,0,1,0,12,40.0,,20,18,1,73,40,13,12,27.0,
171.0,482609,Malo,Gusto,Chelsea,DEF,3.5,165,26,0,1.9,,,4.5,0,0,7,10,78,9,7,1,0,0,0,7,35.0,,29,25,9,88,20,5,38,25.0,
557.0,151086,Mario,Lemina,Wolverhampton Wanderers,MID,2.5,162,13,0,0.2,,,4.2,0,5,20,3,94,1,10,1,0,0,0,0,0.0,,27,4,8,86,44,9,27,46.0,
432.0,449434,Anthony,Elanga,Nottingham Forest,MID,2.5,162,6,0,0.9,,,4.2,0,5,23,14,35,9,1,0,0,0,0,0,0.0,,33,10,19,73,9,2,28,11.0,
120.0,83299,Lewis,Dunk,Brighton and Hove Albion,DEF,3.0,161,27,0,2.9,,,3.7,0,4,14,2,38,1,7,1,0,0,0,9,62.0,,6,1,1,91,38,45,16,27.0,
2.0,205651,Gabriel,Jesus,Arsenal,STR,4.5,160,7,0,1.9,,,4.4,0,8,27,10,33,10,8,0,0,0,0,0,0.0,,46,1,17,80,14,1,38,34.0,
491.0,242898,Brennan,Johnson,Tottenham Hotspur,MID,3.0,160,4,0,2.4,,,4.2,0,5,26,12,31,12,4,0,0,0,0,0,0.0,,30,18,14,77,11,2,36,21.0,
191.0,174874,Joachim,Andersen,Crystal Palace,DEF,3.0,159,14,0,2.3,,,4.0,0,2,8,5,61,3,8,0,0,0,0,11,59.0,,14,11,1,77,45,19,25,44.0,
341.0,126184,Nathan,Ake,Manchester City,DEF,4.5,157,10,0,4.4,,,3.8,0,3,8,4,36,3,0,0,0,0,0,8,29.0,,7,3,0,89,15,3,24,15.0,
220.0,177815,Dominic,Calvert-Lewin,Everton,STR,3.0,156,1,0,1.3,,,4.1,0,8,36,5,18,4,3,1,0,0,0,0,0.0,,16,0,32,55,5,5,33,39.0,
248.0,80201,Bernd,Leno,Fulham,GK,3.0,154,0,0,1.4,,,3.8,0,0,0,0,0,0,4,0,0,1,144,10,65.0,,0,0,0,77,0,0,3,0.0,
497.0,212319,,Richarlison,Tottenham Hotspur,STR,3.0,154,1,0,0.1,,,5.0,0,12,28,3,17,4,3,0,0,0,0,0,0.0,,11,1,15,69,8,6,37,23.0,
565.0,88484,Pablo,Sarabia,Wolverhampton Wanderers,MID,2.5,153,20,0,0.0,,,4.3,0,4,20,11,25,11,7,0,0,0,0,0,0.0,,19,48,9,76,15,1,32,29.0,
244.0,166477,Timothy,Castagne,Fulham,DEF,2.5,153,16,0,0.7,,,3.9,0,1,5,1,51,3,3,0,0,0,0,10,45.0,,19,10,3,81,40,12,14,24.0,
217.0,121599,Abdoulaye,Doucoure,Everton,MID,2.5,152,5,0,0.3,,,4.3,0,7,23,4,46,4,7,0,0,0,0,0,0.0,,25,3,21,78,16,3,10,55.0,
335.0,122798,Andrew,Robertson,Liverpool,DEF,4.5,152,25,0,5.5,,,5.1,0,3,8,11,43,2,2,0,0,0,0,6,28.0,,6,69,3,87,17,7,5,12.0,
498.0,221632,Cristian,Romero,Tottenham Hotspur,DEF,3.5,151,25,0,3.6,,,4.4,0,5,10,1,67,0,7,1,0,1,0,7,47.0,,5,0,1,91,44,24,26,33.0,
78.0,437730,Antoine,Semenyo,Bournemouth,MID,2.5,151,4,0,0.4,,,4.2,0,8,32,6,28,4,6,0,0,0,0,0,0.0,,59,9,6,74,7,2,26,46.0,
553.0,448089,Joao,J.Gomes,Wolverhampton Wanderers,MID,2.5,151,11,0,0.2,,,4.0,0,2,9,2,135,3,11,1,0,0,0,0,0.0,,26,14,1,82,22,8,41,74.0,
,47431,,Willian,Fulham,MID,2.5,150,29,0,0.2,,,4.1,0,5,20,6,20,3,1,0,0,0,0,0,0.0,,39,25,1,84,10,0,33,10.0,
36.0,101188,Lucas,Digne,Aston Villa,DEF,3.0,150,18,0,1.7,,,3.3,0,2,5,5,62,4,9,0,0,0,0,8,56.0,,12,43,3,82,33,3,42,35.0,
516.0,164555,Vladimir,Coufal,West Ham United,DEF,2.5,150,16,0,0.6,,,3.2,0,0,4,7,73,7,6,1,0,0,0,8,80.0,,18,27,2,72,51,18,32,39.0,
550.0,184754,Hwang,Hee-chan,Wolverhampton Wanderers,MID,3.0,150,5,0,0.9,,,4.8,0,13,19,4,20,3,7,0,0,0,0,0,0.0,,36,2,18,78,11,1,34,32.0,
83.0,201658,Marcus,Tavernier,Bournemouth,MID,2.5,149,17,0,0.1,,,4.3,0,4,20,7,58,4,3,0,0,0,0,0,0.0,,50,28,3,77,8,4,26,21.0,
434.0,209046,Callum,Hudson-Odoi,Nottingham Forest,MID,3.0,149,16,0,1.6,,,4.4,0,8,21,4,21,3,0,0,0,0,0,0,0.0,,47,13,13,86,7,1,35,17.0,
368.0,61256,,Casemiro,Manchester United,MID,3.0,148,8,0,0.7,,,4.6,0,5,14,4,101,4,9,1,0,0,0,0,0.0,,11,4,6,81,26,37,12,41.0,
310.0,116535,Becker,Alisson,Liverpool,GK,4.5,147,0,0,7.3,,,4.6,0,0,0,0,0,0,1,0,0,0,95,11,32.0,,0,0,0,85,0,0,5,1.0,
524.0,214048,Max,Kilman,West Ham United,DEF,2.5,147,20,0,2.8,,,3.3,0,2,7,5,52,1,8,0,0,0,0,8,71.0,,10,1,3,85,47,40,21,44.0,
99.0,446008,Bryan,Mbeumo,Brentford,MID,3.5,147,11,0,3.2,,,5.4,0,9,21,6,15,7,2,0,0,0,0,0,0.0,,28,31,3,68,7,2,42,22.0,
347.0,121160,,Ederson,Manchester City,GK,4.5,146,0,0,5.6,,,3.7,0,0,0,0,0,0,5,0,0,0,64,12,33.0,,1,0,0,87,0,0,4,2.0,
167.0,220362,Axel,Disasi,Chelsea,DEF,3.5,145,19,0,0.5,,,3.3,0,3,6,0,43,0,6,0,0,2,0,9,61.0,,16,3,4,90,25,28,21,23.0,
177.0,248857,Noni,Madueke,Chelsea,MID,3.0,145,18,0,0.6,,,4.3,0,8,22,2,26,4,2,0,0,0,0,0,0.0,,58,5,4,80,5,0,27,14.0,
144.0,469142,Jan Paul,van Hecke,Brighton and Hove Albion,DEF,2.5,144,23,0,0.0,,,3.7,0,0,6,2,65,2,9,0,0,1,0,9,53.0,,6,1,1,89,41,35,25,28.0,
554.0,149065,Jose,Sa,Wolverhampton Wanderers,GK,2.5,143,0,0,1.3,,,3.6,0,0,0,0,0,1,2,0,0,0,156,6,64.0,,3,0,0,59,0,0,11,0.0,
95.0,207283,Mathias,Jensen,Brentford,MID,2.5,143,18,0,0.1,,,4.0,0,4,8,10,58,4,5,0,0,0,0,0,0.0,,19,46,2,76,23,7,21,31.0,
79.0,221466,Marcos,Senesi,Bournemouth,DEF,2.5,143,11,0,0.5,,,4.0,0,4,4,3,61,5,15,0,0,0,0,9,48.0,,11,11,0,78,42,27,16,54.0,
251.0,244042,Rodrigo,Muniz,Fulham,STR,3.0,143,0,0,1.1,,,4.3,0,10,32,2,9,2,2,0,0,0,0,0,0.0,,8,0,5,56,6,3,42,29.0,
567.0,510362,Toti,Gomes,Wolverhampton Wanderers,DEF,2.0,141,16,0,0.5,,,3.4,0,2,7,2,53,4,7,0,0,0,0,7,56.0,,29,2,2,82,35,21,16,47.0,
247.0,153133,Alex,Iwobi,Fulham,MID,2.5,140,10,0,0.2,,,4.0,0,6,22,5,35,3,2,0,0,0,0,0,0.0,,41,14,8,80,16,0,6,13.0,
259.0,153682,Harry,Wilson,Fulham,MID,2.0,140,11,0,0.3,,,3.3,0,5,17,8,28,10,8,0,0,0,0,0,0.0,,20,13,6,75,15,3,47,23.0,
511.0,213999,Edson,Alvarez,West Ham United,MID,2.5,140,24,0,0.2,,,3.3,0,2,4,1,97,2,16,0,0,0,0,0,0.0,,34,1,1,85,54,25,26,57.0,
233.0,449871,Amadou,Onana,Aston Villa,MID,2.5,140,10,0,2.1,,,3.8,0,3,9,4,90,1,5,0,0,0,0,0,0.0,,12,1,2,84,30,9,60,49.0,
94.0,204580,Vitaly,Janelt,Brentford,MID,2.0,139,13,0,0.1,,,3.3,0,1,7,5,72,4,8,0,0,0,0,0,0.0,,8,25,4,79,46,10,29,29.0,
326.0,204716,Ibrahima,Konate,Liverpool,DEF,4.0,139,15,0,2.7,,,3.8,0,0,2,1,59,1,5,1,0,0,0,10,30.0,,10,0,0,85,41,19,29,41.0,
25.0,206325,Oleksandr,Zinchenko,Arsenal,DEF,3.5,139,9,0,1.8,,,4.0,0,1,4,6,57,2,3,0,0,0,0,9,19.0,,7,5,1,89,24,3,11,8.0,
71.0,222683,Justin,Kluivert,Bournemouth,MID,2.5,139,2,0,0.4,,,3.9,0,9,24,2,32,2,6,0,0,0,0,0,0.0,,25,6,6,73,9,2,33,55.0,
179.0,465920,Mykhailo,Mudryk,Chelsea,MID,3.0,138,8,0,0.1,,,3.4,0,7,18,7,26,5,7,0,0,0,0,0,0.0,,46,18,1,77,12,2,36,24.0,
57.0,166989,Youri,Tielemans,Aston Villa,MID,3.0,138,7,0,1.2,,,3.1,0,3,12,6,54,8,6,0,0,0,0,0,0.0,,18,5,0,85,21,4,47,40.0,
559.0,200402,Nelson,Semedo,Wolverhampton Wanderers,DEF,2.5,135,21,0,0.0,,,3.3,0,1,8,2,86,2,11,1,0,0,0,6,68.0,,55,13,2,77,43,9,34,52.0,
378.0,516895,Kobbie,Mainoo,Manchester United,MID,3.0,135,23,0,16.8,,,4.2,0,5,8,0,60,1,4,0,0,0,0,0,0.0,,40,1,0,85,27,14,25,21.0,
508.0,184254,Guglielmo,Vicario,Tottenham Hotspur,GK,3.5,134,0,0,5.9,,,3.4,0,0,0,0,0,0,3,0,0,0,115,8,62.0,,0,0,0,84,1,0,8,0.0,
64.0,155408,Lewis,Cook,Bournemouth,MID,2.5,134,32,0,0.0,,,3.5,0,0,4,3,68,3,6,1,0,0,0,0,0.0,,23,39,2,81,69,14,20,46.0,
148.0,50175,Danny,Welbeck,Brighton and Hove Albion,STR,2.5,133,0,0,0.3,,,3.6,0,7,23,3,36,4,5,0,0,0,0,0,0.0,,11,1,10,79,10,1,24,18.0,
365.0,467169,,Antony,Manchester United,MID,3.0,133,16,0,0.2,,,3.5,0,3,21,7,51,2,6,0,0,0,0,0,0.0,,38,4,2,79,19,3,44,25.0,
85.0,477580,Illia,Zabarnyi,Bournemouth,DEF,2.5,133,14,0,0.2,,,3.2,0,1,3,0,62,0,5,0,0,0,0,10,70.0,,9,0,0,80,37,35,25,26.0,
333.0,441428,Jarell,Quansah,Liverpool,DEF,3.0,132,14,0,1.5,,,4.0,0,3,6,0,47,3,2,0,0,0,0,6,32.0,,13,0,2,89,35,12,7,22.0,
505.0,487053,Destiny,Udogie,Tottenham Hotspur,DEF,3.5,131,20,0,0.4,,,4.4,0,2,5,3,71,3,6,1,0,0,0,6,44.0,,27,2,3,86,39,8,42,53.0,
162.0,460028,Levi,Colwill,Chelsea,DEF,3.5,130,13,0,0.8,,,4.1,0,1,3,4,61,1,3,0,0,0,0,7,31.0,,11,1,4,84,35,15,19,28.0,
290.0,96994,Bobby,De-Cordova Reid,Leicester City,MID,2.0,129,2,0,0.2,,,3.1,0,7,11,4,30,5,4,0,0,0,0,0,0.0,,11,8,6,80,6,3,29,20.0,
238.0,18892,Ashley,Young,Everton,DEF,2.0,128,6,0,0.6,,,3.8,0,1,5,3,61,1,5,1,0,1,0,10,35.0,,14,25,1,72,24,6,24,33.0,
91.0,118342,Mark,Flekken,Brentford,GK,2.5,128,0,0,1.8,,,3.4,0,0,0,2,1,1,3,0,0,0,117,7,64.0,,3,0,0,69,0,0,4,2.0,
324.0,206915,Curtis,Jones,Liverpool,MID,3.0,128,18,0,0.4,,,3.6,0,5,13,3,41,4,3,1,0,0,0,0,0.0,,31,4,5,92,14,2,24,22.0,
560.0,247632,Pedro,Neto,Wolverhampton Wanderers,MID,3.5,128,29,0,1.4,,,5.3,0,3,13,7,8,13,5,0,0,0,0,0,0.0,,42,38,2,82,6,1,24,19.0,
101.0,128295,Christian,Norgaard,Brentford,MID,2.0,127,12,0,0.1,,,3.8,0,2,7,7,83,1,8,0,0,0,0,0,0.0,,7,6,1,80,55,6,35,41.0,
52.0,244954,Pau,Torres,Aston Villa,DEF,3.5,127,10,0,2.3,,,3.4,0,2,5,1,34,0,1,0,0,0,0,8,44.0,,19,3,2,87,18,15,12,19.0,
229.0,115382,Neal,Maupay,Everton,STR,2.0,126,2,0,0.3,,,3.7,0,8,23,7,13,4,8,0,0,0,0,0,0.0,,10,2,6,75,3,0,32,24.0,
224.0,221399,Jack,Harrison,Everton,MID,2.5,126,6,0,0.0,,,3.6,0,4,10,7,44,3,2,0,0,0,0,0,0.0,,35,21,2,72,15,5,36,23.0,
88.0,432830,Nathan,Collins,Brentford,DEF,2.5,123,20,0,0.1,,,3.5,0,2,3,5,45,1,3,0,0,0,0,7,56.0,,11,1,4,78,46,33,25,15.0,
323.0,441266,Ryan,Gravenberch,Liverpool,MID,3.0,123,11,0,0.2,,,3.2,0,4,19,4,47,2,1,0,0,0,0,0,0.0,,36,2,1,83,23,2,29,35.0,
222.0,80801,Idrissa,Gueye,Everton,MID,2.5,122,18,0,0.1,,,4.2,0,4,7,1,82,0,8,0,0,0,0,0,0.0,,13,1,0,82,32,10,35,38.0,
243.0,76357,Tom,Cairney,Fulham,MID,2.0,121,20,0,0.1,,,2.9,0,2,9,6,32,7,4,0,0,1,0,0,0.0,,31,7,0,87,15,4,35,18.0,
513.0,84182,Alphonse,Areola,West Ham United,GK,2.5,121,0,0,2.1,,,3.7,0,0,0,0,1,0,1,0,0,1,147,4,60.0,,1,0,0,61,1,0,3,2.0,
354.0,91651,Mateo,Kovacic,Manchester City,MID,3.0,121,20,0,0.3,,,2.9,0,2,6,3,52,1,5,0,0,0,0,0,0.0,,27,1,1,91,18,2,28,18.0,
198.0,199670,Odsonne,Edouard,Crystal Palace,STR,2.0,120,1,0,0.6,,,3.6,0,8,21,1,27,0,4,0,0,0,0,0,0.0,,19,2,10,75,6,1,23,33.0,
337.0,214285,Kostas,Tsimikas,Liverpool,DEF,3.0,119,17,0,0.5,,,4.8,0,0,3,2,39,4,0,0,0,0,0,8,14.0,,11,37,2,80,21,1,12,24.0,
396.0,67089,Martin,Dubravka,Newcastle United,GK,2.0,118,0,0,0.8,,,3.9,0,0,0,0,1,0,1,0,0,0,108,7,48.0,,0,0,0,71,0,0,5,2.0,
163.0,179268,Marc,Cucurella,Chelsea,DEF,3.5,118,15,0,7.5,,,4.5,0,1,5,2,81,3,10,0,0,1,0,6,37.0,,6,7,4,86,26,13,39,27.0,
349.0,114283,Jack,Grealish,Manchester City,MID,3.5,117,28,0,2.9,,,3.7,0,3,12,8,19,4,7,0,0,0,0,0,0.0,,26,9,2,88,9,2,66,13.0,
403.0,180974,,Joelinton,Newcastle United,MID,3.0,117,14,0,1.5,,,4.3,0,3,14,7,53,4,9,0,0,0,0,0,0.0,,27,1,0,85,27,9,30,45.0,
449.0,204968,Ryan,Yates,Nottingham Forest,MID,2.0,117,10,0,0.0,,,2.9,0,1,9,4,71,3,8,0,0,0,0,0,0.0,,4,2,2,78,25,15,63,64.0,
73.0,69752,,Neto,Bournemouth,GK,2.5,116,0,0,0.7,,,3.6,0,0,0,0,0,0,5,0,0,0,115,7,55.0,,2,0,0,62,1,0,0,1.0,
183.0,457569,Djordje,Petrovic,Chelsea,GK,3.0,116,0,0,1.0,,,3.7,0,0,0,0,0,0,4,0,0,0,101,7,44.0,,0,0,0,79,0,0,1,0.0,
528.0,233963,Konstantinos,Mavropanos,West Ham United,DEF,2.5,115,14,0,0.1,,,3.5,0,1,4,0,38,0,2,0,0,2,0,8,40.0,,9,0,0,80,41,23,21,21.0,
431.0,250199,Nicolas,Dominguez,Nottingham Forest,MID,2.0,115,9,0,0.0,,,4.0,0,3,8,2,82,2,6,0,0,0,0,0,0.0,,8,4,2,84,21,6,20,32.0,
409.0,441191,Tino,Livramento,Newcastle United,DEF,3.0,115,29,0,2.8,,,3.3,0,1,3,3,49,1,1,0,0,0,0,4,33.0,,24,6,1,79,33,9,38,8.0,
136.0,451340,Kauro,Mitoma,Brighton and Hove Albion,MID,3.5,115,14,0,0.4,,,4.4,0,3,18,8,16,8,6,0,0,0,0,0,0.0,,48,5,7,81,9,1,27,21.0,
355.0,477064,Rico,Lewis,Manchester City,DEF,3.0,115,13,0,0.6,,,4.4,0,2,5,6,19,4,1,0,0,0,0,6,17.0,,9,0,0,91,8,3,32,14.0,
402.0,114243,Jacob,Murphy,Newcastle United,MID,2.5,115,5,0,0.4,,,4.1,0,3,12,10,27,9,1,0,0,0,0,0,0.0,,14,20,4,72,5,1,21,10.0,
421.0,75115,Callum,Wilson,Newcastle United,STR,3.5,114,0,0,1.1,,,4.4,0,10,25,3,5,1,4,0,0,0,0,0,0.0,,14,0,5,65,2,0,21,22.0,
377.0,95658,Harry,Maguire,Manchester United,DEF,3.0,114,7,0,0.2,,,3.7,0,4,8,2,31,5,5,0,0,0,0,6,43.0,,2,1,6,79,33,32,11,31.0,
81.0,54469,Adam,Smith,Bournemouth,DEF,2.0,113,9,0,0.2,,,3.6,0,0,0,2,40,4,6,0,0,0,0,9,36.0,,4,19,1,73,23,14,24,34.0,
124.0,243568,Billy,Gilmour,Brighton and Hove Albion,MID,2.5,113,22,0,0.2,,,2.8,0,0,6,4,35,4,8,1,0,0,0,0,0.0,,14,11,0,91,17,9,40,31.0,
123.0,487117,Evan,Ferguson,Brighton and Hove Albion,STR,3.0,113,1,0,0.1,,,3.1,0,6,21,1,18,2,2,0,0,0,0,0,0.0,,9,0,5,78,4,3,29,29.0,
313.0,492777,Conor,Bradley,Liverpool,DEF,3.0,112,10,0,1.9,,,4.9,0,1,5,6,56,7,4,0,0,2,0,5,19.0,,20,6,2,82,13,4,20,18.0,
320.0,158983,Wataru,Endo,Liverpool,MID,3.0,112,8,0,0.3,,,2.6,0,2,4,3,75,1,12,0,0,0,0,0,0.0,,15,2,1,88,35,4,36,71.0,
506.0,491279,Micky,van de Ven,Tottenham Hotspur,DEF,3.5,111,21,0,11.9,,,3.8,0,3,3,0,50,0,6,0,0,1,0,5,40.0,,15,0,1,94,20,18,20,15.0,
512.0,57531,Michail,Antonio,West Ham United,STR,3.0,110,2,0,0.7,,,3.4,0,7,17,2,16,2,8,0,0,0,0,0,0.0,,33,2,10,62,4,4,32,34.0,
145.0,111478,Joel,Veltman,Brighton and Hove Albion,DEF,2.5,110,14,0,0.0,,,3.3,0,1,3,2,62,1,6,0,0,0,0,6,34.0,,2,0,1,79,26,8,46,21.0,
496.0,199249,Sergio,Reguilon,Tottenham Hotspur,DEF,2.5,110,18,0,0.4,,,3.9,0,0,3,6,60,6,8,1,0,0,0,6,37.0,,19,28,4,73,27,6,30,18.0,
11.0,205533,Eddie,Nketiah,Arsenal,STR,2.5,109,2,0,0.3,,,3.0,0,6,15,3,13,5,4,0,0,0,0,0,0.0,,11,0,8,73,5,0,33,35.0,
98.0,249231,Keane,Lewis-Potter,Brentford,MID,2.0,109,4,0,0.0,,,3.2,0,3,25,3,22,2,1,0,0,0,0,0,0.0,,23,7,4,77,7,4,22,10.0,
499.0,482442,Papa Matar,Sarr,Tottenham Hotspur,MID,2.5,109,10,0,0.2,,,3.1,0,3,14,2,35,3,9,0,0,0,0,0,0.0,,19,5,0,88,31,5,17,32.0,
429.0,513046,,Danilo,Nottingham Forest,MID,2.0,109,11,0,0.1,,,3.2,0,3,10,2,43,2,5,0,0,0,0,0,0.0,,19,7,2,80,37,11,13,22.0,
146.0,489639,Bart,Verbruggen,Brighton and Hove Albion,GK,3.0,108,0,0,1.4,,,4.0,0,0,0,0,1,0,3,0,0,0,82,7,33.0,,1,0,0,86,1,0,2,1.0,
70.0,544877,Milos,Kerkez,Bournemouth,DEF,2.5,108,9,0,0.4,,,3.3,0,0,8,4,56,3,6,1,0,1,0,7,41.0,,14,12,1,76,23,12,30,31.0,
104.0,231065,Ethan,Pinnock,Brentford,DEF,2.0,107,18,0,0.5,,,3.5,0,2,4,1,42,0,1,0,0,0,0,5,48.0,,7,0,0,83,45,26,11,5.0,
187.0,109646,Tosin,Adarabioyo,Chelsea,DEF,3.0,105,11,0,0.5,,,4.2,0,2,8,1,29,0,2,0,0,0,0,7,29.0,,3,0,0,76,30,16,6,11.0,
122.0,204214,Pervis,Estupinan,Brighton and Hove Albion,DEF,3.0,105,17,0,0.1,,,3.9,0,3,8,6,35,4,7,0,0,1,0,4,35.0,,10,20,7,88,25,7,23,26.0,
8.0,440854,Jakub,Kiwior,Arsenal,DEF,3.0,105,3,0,0.2,,,3.5,0,1,4,1,30,3,2,0,0,1,0,8,16.0,,5,4,0,71,13,5,4,20.0,
388.0,214590,Aaron,Wan-Bissaka,Manchester United,DEF,3.0,104,26,0,1.5,,,3.5,0,0,2,2,58,3,5,0,0,0,0,4,49.0,,22,5,0,83,59,18,13,21.0,
22.0,223723,Takehiro,Tomiyasu,Arsenal,DEF,3.0,104,4,0,0.5,,,3.5,0,2,4,1,25,3,0,1,0,0,0,7,15.0,,7,6,1,84,20,7,10,18.0,
252.0,102057,Raul,Jimenez,Fulham,STR,2.5,103,3,0,0.3,,,3.6,0,7,18,3,23,0,4,1,0,0,0,0,0.0,,13,2,13,66,5,3,24,21.0,
76.0,168991,Philip,Billing,Bournemouth,MID,2.5,103,7,0,0.1,,,3.1,0,2,9,9,41,5,4,1,0,0,0,0,0.0,,16,7,0,77,21,7,17,21.0,
117.0,536916,Facundo,Buonanotte,Brighton and Hove Albion,MID,2.0,103,3,0,0.1,,,2.9,0,4,12,3,50,1,8,0,0,0,0,0,0.0,,24,3,4,83,10,3,61,44.0,
543.0,87835,Matt,Doherty,Wolverhampton Wanderers,DEF,2.0,102,4,0,0.3,,,2.8,0,3,5,4,42,1,2,0,0,0,0,4,29.0,,12,3,7,74,12,7,14,17.0,
203.0,108413,Will,Hughes,Crystal Palace,MID,2.0,102,16,0,0.0,,,3.1,0,0,4,2,69,2,6,0,0,0,0,0,0.0,,9,10,1,82,25,15,32,44.0,
86.0,191866,Kristoffer,Ajer,Brentford,DEF,2.0,102,8,0,0.3,,,3.3,0,2,6,5,39,1,5,0,0,0,0,5,35.0,,13,5,1,75,26,11,11,26.0,
436.0,575476,,Murillo,Nottingham Forest,DEF,2.0,102,13,0,1.9,,,2.8,0,0,8,2,58,2,6,0,0,1,0,4,61.0,,23,1,0,76,43,28,9,41.0,
413.0,98747,Nick,Pope,Newcastle United,GK,3.5,101,0,0,10.6,,,4.8,0,0,0,0,0,0,3,0,0,0,70,8,21.0,,0,0,0,68,0,0,4,0.0,
206.0,152551,Jefferson,Lerma,Crystal Palace,MID,2.0,101,11,0,0.1,,,3.3,0,1,10,3,51,1,9,0,0,0,0,0,0.0,,13,4,4,81,43,13,26,48.0,
356.0,465351,Matheus,Nunes,Manchester City,MID,3.0,100,30,0,0.2,,,3.4,0,0,9,6,20,5,0,1,0,0,0,0,0.0,,35,11,6,81,12,2,44,12.0,
542.0,60232,Craig,Dawson,Wolverhampton Wanderers,DEF,2.5,99,13,0,0.3,,,3.5,0,1,5,2,31,1,7,0,0,0,0,7,38.0,,3,0,4,81,17,42,15,22.0,
35.0,165659,Diego,Carlos,Aston Villa,DEF,2.5,99,2,0,0.9,,,2.8,0,1,4,0,33,0,5,0,0,0,0,8,44.0,,2,1,1,88,14,21,5,37.0,
105.0,226956,Mads,Roerslev,Brentford,DEF,2.0,99,5,0,0.0,,,2.6,0,1,1,3,51,2,2,0,0,0,0,5,45.0,,14,30,5,68,20,3,20,12.0,
482.0,227127,Yves,Bissouma,Tottenham Hotspur,MID,2.5,99,26,0,0.3,,,3.5,0,0,5,0,78,0,8,2,0,0,0,0,0.0,,27,0,0,91,37,5,31,35.0,
241.0,232892,Calvin,Bassey,Fulham,DEF,2.5,99,12,0,0.1,,,3.1,0,1,3,0,53,0,4,1,0,0,0,6,45.0,,11,0,2,84,34,14,12,16.0,
200.0,209036,Marc,Guehi,Crystal Palace,DEF,3.5,98,15,0,14.2,,,3.4,0,0,0,1,34,1,2,0,0,0,0,7,34.0,,8,1,0,84,20,18,32,14.0,
437.0,215136,Neco,Williams,Nottingham Forest,DEF,2.0,98,16,0,0.1,,,3.1,0,0,6,1,74,1,4,0,0,0,0,2,36.0,,23,14,5,68,24,13,34,24.0,
218.0,486385,,Beto,Everton,STR,2.0,98,1,0,0.2,,,2.6,0,5,15,4,22,2,2,0,1,0,0,0,0.0,,18,1,13,51,3,0,24,31.0,
26.0,106468,Alex,Moreno,Aston Villa,DEF,3.0,97,7,0,0.5,,,3.3,0,3,5,3,25,0,2,0,0,1,0,6,25.0,,16,7,3,84,16,4,21,15.0,
325.0,200720,Caoimhin,Kelleher,Liverpool,GK,2.0,97,0,0,0.2,,,3.7,0,0,0,0,0,0,2,0,0,0,82,5,32.0,,1,0,0,80,0,0,1,0.0,
38.0,476344,Jhon,Duran,Aston Villa,STR,2.5,96,0,0,0.3,,,2.7,0,7,23,0,9,2,8,0,0,0,0,0,0.0,,8,1,5,73,1,0,15,21.0,
532.0,103192,Kurt,Zouma,West Ham United,DEF,2.5,95,9,0,1.1,,,2.4,0,3,7,0,28,0,4,0,0,0,0,4,69.0,,2,0,0,82,36,32,7,27.0,
521.0,37096,Lukasz,Fabianski,West Ham United,GK,2.5,94,1,0,0.5,,,4.1,0,0,0,0,1,0,0,0,0,0,78,6,30.0,,1,0,0,66,1,0,2,0.0,
194.0,427623,Chris,Richards,Crystal Palace,DEF,2.5,94,8,0,0.1,,,3.1,0,1,3,1,53,1,3,0,0,0,0,5,44.0,,1,0,1,78,37,17,7,13.0,
214.0,86417,Jeffrey,Schlupp,Crystal Palace,MID,2.0,93,0,0,0.2,,,2.8,0,2,12,2,43,3,1,0,0,0,0,0,0.0,,20,2,1,74,8,2,19,27.0,
42.0,226944,Boubacar,Kamara,Aston Villa,MID,3.0,93,16,0,0.0,,,3.3,0,1,2,1,63,1,7,1,0,0,0,0,0.0,,17,0,0,88,29,10,40,40.0,
7.0,85955,,Jorginho,Arsenal,MID,3.0,89,8,0,0.4,,,2.5,0,1,1,2,51,2,2,0,0,0,0,0,0.0,,3,1,0,88,24,3,33,21.0,
529.0,210494,Nayerf,Aguerd,West Ham United,DEF,2.5,86,8,0,0.0,,,3.1,0,2,6,0,30,1,1,1,0,0,0,5,47.0,,3,0,0,77,18,29,6,11.0,
584.0,204814,Ben,Brereton,Southampton,STR,2.0,86,1,0,0.2,,,5.4,0,6,20,3,9,1,3,0,0,0,0,0,0.0,,12,2,11,78,3,3,21,12.0,
108.0,144485,Ivan,Toney,Brentford,STR,4.0,85,2,0,13.4,,,5.0,0,4,22,3,15,3,5,0,0,0,0,0,0.0,,10,6,7,52,10,1,29,24.0,
424.0,210156,Taiwo,Awoniyi,Nottingham Forest,STR,2.5,85,0,0,0.5,,,3.7,0,6,13,2,9,3,2,0,0,0,0,0,0.0,,8,0,15,77,1,2,17,12.0,
74.0,533463,Dango,Ouattara,Bournemouth,STR,2.0,85,6,0,0.1,,,2.7,0,1,8,2,51,2,3,0,0,0,0,0,0.0,,25,8,6,58,22,3,22,15.0,
371.0,37642,Jonny,Evans,Manchester United,DEF,2.5,84,13,0,0.3,,,2.8,0,0,1,1,28,1,2,0,0,0,0,5,26.0,,4,0,0,79,25,20,14,17.0,
128.0,223434,,Igor,Brighton and Hove Albion,DEF,2.5,84,12,0,0.1,,,2.5,0,0,1,1,30,0,6,0,0,0,0,5,37.0,,22,0,0,92,21,14,7,28.0,
411.0,547719,Lewis,Miley,Newcastle United,MID,3.0,84,6,0,0.0,,,3.2,0,1,3,3,48,4,1,0,0,0,0,0,0.0,,11,3,2,83,13,7,9,8.0,
392.0,201666,Harvey,Barnes,Newcastle United,MID,3.5,83,3,0,1.8,,,3.6,0,5,13,8,6,3,2,0,0,0,0,0,0.0,,7,3,4,75,5,0,22,6.0,
245.0,219924,Issa,Diop,Fulham,DEF,2.5,83,7,0,0.1,,,3.3,0,1,2,0,40,0,3,1,0,0,0,6,33.0,,1,0,2,85,23,23,5,22.0,
393.0,220237,Sven,Botman,Newcastle United,DEF,3.5,83,6,0,0.1,,,3.8,0,2,3,2,23,3,2,0,0,1,0,6,31.0,,0,0,1,89,9,24,4,10.0,
425.0,90585,Willy,Boly,Nottingham Forest,DEF,2.0,82,2,0,0.4,,,3.9,0,2,6,4,48,1,1,1,0,0,0,3,27.0,,4,0,1,70,25,21,3,22.0,
77.0,503139,Alex,Scott,Bournemouth,MID,2.0,82,12,0,0.1,,,3.0,0,2,5,6,34,4,6,0,0,0,0,0,0.0,,17,14,1,79,18,6,36,26.0,
196.0,57328,Nathaniel,Clyne,Crystal Palace,DEF,2.5,81,7,0,0.2,,,3.5,0,0,0,0,28,1,0,0,0,0,0,6,22.0,,11,2,0,75,13,7,5,6.0,
80.0,224995,Luis,Sinisterra,Bournemouth,MID,2.5,80,5,0,0.0,,,3.5,0,3,13,3,27,3,0,0,0,0,0,0,0.0,,34,1,6,81,9,1,10,14.0,
211.0,247348,Daniel,Munoz,Crystal Palace,DEF,3.0,80,2,0,2.5,,,5.0,0,0,0,5,55,4,4,0,0,0,0,5,22.0,,13,1,8,76,24,7,8,30.0,
362.0,97299,John,Stones,Manchester City,DEF,4.5,79,8,0,7.1,,,3.2,0,1,2,1,6,2,2,0,0,0,0,5,18.0,,1,1,1,90,13,13,7,5.0,
475.0,103914,Charlie,Taylor,Southampton,DEF,1.5,79,6,0,0.1,,,2.6,0,1,1,4,37,1,8,0,0,0,0,4,46.0,,9,15,2,78,22,12,18,21.0,
522.0,82143,Wes,Foderingham,West Ham United,GK,1.5,78,0,0,0.0,,,2.5,0,0,0,0,5,0,2,0,0,1,134,2,79.0,,2,0,0,52,0,0,12,1.0,
204.0,101982,Sam,Johnstone,Crystal Palace,GK,2.5,78,0,0,0.6,,,3.4,0,0,0,0,1,0,1,0,0,0,50,6,33.0,,0,0,0,52,1,0,0,1.0,
544.0,220394,Tommy,Doyle,Wolverhampton Wanderers,MID,2.0,78,8,0,0.0,,,2.4,0,1,4,2,38,0,2,0,0,0,0,0,0.0,,2,11,0,84,20,10,7,11.0,
376.0,184667,Victor,Lindelof,Manchester United,DEF,2.5,77,4,0,0.3,,,2.8,0,1,5,0,16,1,3,0,0,0,0,6,32.0,,4,0,3,87,16,17,6,17.0,
185.0,215059,Robert,Sanchez,Chelsea,GK,3.0,77,0,0,0.4,,,3.7,0,0,0,0,0,0,2,0,0,0,58,5,30.0,,0,0,0,78,0,0,1,1.0,
153.0,242880,Benoit,Badiashile,Chelsea,DEF,3.5,77,9,0,0.2,,,3.5,0,1,3,2,26,1,3,0,0,1,0,6,32.0,,1,0,1,86,19,15,8,18.0,
399.0,487838,Lewis,Hall,Newcastle United,DEF,3.0,75,9,0,1.1,,,3.4,0,2,5,0,31,0,3,0,0,0,0,3,13.0,,9,4,0,83,16,2,7,7.0,
115.0,535301,Carlos,Baleba,Brighton and Hove Albion,MID,2.0,75,11,0,0.0,,,2.0,0,0,5,1,45,0,8,0,0,0,0,0,0.0,,13,0,0,86,20,9,28,48.0,
444.0,114241,Harry,Toffolo,Nottingham Forest,DEF,1.5,74,4,0,0.2,,,2.6,0,1,5,3,34,3,3,0,0,0,0,2,34.0,,2,21,2,69,18,14,4,20.0,
215.0,55494,Joel,Ward,Crystal Palace,DEF,2.0,73,3,0,0.3,,,2.8,0,0,0,0,45,1,4,0,0,1,0,5,34.0,,8,3,0,64,14,10,6,22.0,
407.0,101148,Jamaal,Lascelles,Newcastle United,DEF,2.0,73,0,0,0.0,,,2.8,0,1,2,0,22,0,6,0,0,0,0,6,26.0,,2,0,1,80,11,17,4,27.0,
490.0,132015,Pierre-Emile,Hojbjerg,Tottenham Hotspur,MID,2.5,73,10,0,0.0,,,1.9,0,0,6,3,35,0,4,0,0,1,0,0,0.0,,13,1,0,88,20,10,17,22.0,
445.0,224068,Matt,Turner,Nottingham Forest,GK,2.0,73,0,0,0.2,,,3.5,0,0,0,0,0,0,1,0,0,0,69,3,31.0,,0,0,0,64,0,0,3,0.0,
102.0,428580,Frank,Onyeka,Brentford,MID,1.5,73,7,0,0.0,,,2.6,0,1,10,2,42,2,8,0,0,0,0,0,0.0,,12,5,4,71,24,7,36,27.0,
254.0,153366,Harrison,Reed,Fulham,MID,2.0,70,2,0,0.0,,,2.1,0,0,2,2,41,2,7,0,0,0,0,0,0.0,,5,6,2,81,16,10,11,33.0,
358.0,88248,Stefan,Ortega,Manchester City,GK,3.0,70,0,0,1.5,,,3.7,0,0,0,0,0,0,0,0,0,0,47,5,19.0,,1,0,0,79,0,0,1,0.0,
216.0,496221,Adam,Wharton,Crystal Palace,MID,3.0,69,6,0,1.6,,,4.3,0,0,1,5,48,3,2,0,0,0,0,0,0.0,,3,8,0,81,20,3,21,18.0,
126.0,532529,Jack,Hinshelwood,Brighton and Hove Albion,DEF,2.0,69,1,0,0.1,,,4.1,0,3,8,1,18,0,1,0,0,0,0,2,4.0,,0,4,2,83,16,3,5,13.0,
201.0,172649,Dean,Henderson,Crystal Palace,GK,2.5,68,0,0,2.8,,,3.4,0,0,0,0,1,0,2,0,0,2,61,5,30.0,,0,0,0,58,0,0,2,0.0,
370.0,80607,Christian,Eriksen,Manchester United,MID,2.5,67,3,0,0.3,,,2.4,0,1,6,5,19,3,1,0,0,0,0,0,0.0,,4,14,1,81,7,7,3,9.0,
422.0,159506,Ola,Aina,Nottingham Forest,DEF,2.0,67,13,0,0.3,,,3.0,0,1,1,0,47,1,3,0,0,0,0,2,39.0,,27,7,2,77,18,3,25,18.0,
257.0,167074,Kenny,Tete,Fulham,DEF,2.5,67,12,0,0.1,,,3.5,0,1,1,2,39,0,3,0,0,0,0,3,25.0,,13,16,0,75,21,5,14,23.0,
249.0,212314,Sasa,Lukic,Fulham,MID,1.5,67,6,0,0.1,,,2.4,0,1,4,0,41,0,5,0,0,0,0,0,0.0,,6,2,0,84,21,7,12,34.0,
404.0,235530,Lloyd,Kelly,Newcastle United,DEF,2.0,67,6,0,0.6,,,2.7,0,1,2,2,25,1,2,0,0,0,0,4,33.0,,2,7,0,75,15,12,13,18.0,
535.0,231057,Jean-Ricner,Bellegarde,Wolverhampton Wanderers,MID,2.0,66,4,0,0.0,,,2.5,0,2,5,1,19,2,0,1,0,0,0,0,0.0,,21,4,2,79,9,2,30,17.0,
484.0,115556,Ben,Davies,Tottenham Hotspur,DEF,2.5,64,15,0,0.4,,,3.4,0,1,2,0,28,2,2,0,0,0,0,2,22.0,,5,1,0,89,13,16,20,10.0,
160.0,172850,Ben,Chilwell,Chelsea,DEF,3.5,63,4,0,1.3,,,3.0,0,0,4,3,24,2,6,0,0,0,0,4,15.0,,10,11,5,78,10,5,18,18.0,
142.0,49262,Jason,Steele,Brighton and Hove Albion,GK,2.5,62,0,0,0.2,,,2.7,0,0,0,0,1,0,1,0,0,0,53,4,44.0,,0,0,0,85,0,0,1,0.0,
253.0,82514,Tim,Ream,Fulham,DEF,2.0,62,17,0,0.1,,,3.0,0,1,1,0,21,0,2,1,0,0,0,3,34.0,,7,0,1,87,32,16,6,8.0,
493.0,200826,Giovani,Lo Celso,Tottenham Hotspur,MID,2.5,62,7,0,0.0,,,2.6,0,2,6,1,25,2,2,0,0,0,0,0,0.0,,9,5,1,91,5,1,28,15.0,
343.0,477555,Oscar,Bobb,Manchester City,STR,2.0,62,5,0,0.6,,,2.6,0,2,4,3,15,3,0,0,0,0,0,0,0.0,,18,5,3,86,5,0,12,6.0,
89.0,440089,Mikkel,Damsgaard,Brentford,MID,2.0,62,1,0,0.1,,,2.5,0,0,6,5,34,4,3,0,0,0,0,0,0.0,,9,3,3,61,18,1,11,15.0,
234.0,243571,Nathan,Patterson,Everton,DEF,2.0,61,1,0,0.0,,,2.3,0,0,0,4,46,2,6,0,0,0,0,3,26.0,,9,9,1,72,15,6,9,24.0,
132.0,109345,Solly,March,Brighton and Hove Albion,MID,3.0,60,4,0,0.0,,,6.0,0,3,7,2,27,1,1,0,0,0,0,0,0.0,,9,11,8,80,11,0,11,14.0,
131.0,232792,Tariq,Lamptey,Brighton and Hove Albion,DEF,2.0,60,11,0,0.9,,,2.4,0,0,0,1,30,4,5,0,0,0,0,2,28.0,,10,11,3,87,16,5,24,18.0,
405.0,111773,Emil,Krafth,Newcastle United,DEF,1.5,59,5,0,0.3,,,2.8,0,0,1,2,25,0,2,0,0,0,0,4,15.0,,3,9,0,75,13,6,8,10.0,
480.0,202993,Rodrigo,Bentancur,Tottenham Hotspur,MID,3.0,55,9,0,0.2,,,2.2,0,1,5,0,25,1,7,0,0,0,0,0,0.0,,15,1,0,84,19,6,18,22.0,
423.0,215379,Elliot,Anderson,Nottingham Forest,MID,2.0,55,4,0,0.2,,,2.1,0,0,5,2,28,2,3,0,0,0,0,0,0.0,,23,3,1,75,10,5,20,24.0,
159.0,180736,Trevoh,Chalobah,Chelsea,DEF,3.0,54,6,0,0.3,,,3.2,0,1,2,0,17,0,2,0,0,0,0,3,20.0,,1,0,0,85,12,13,3,5.0,
156.0,440323,Armando,Broja,Chelsea,STR,2.0,54,0,0,0.1,,,2.0,0,2,4,1,5,3,0,0,0,0,0,0,0.0,,17,1,10,77,0,1,12,12.0,
523.0,84939,Danny,Ings,West Ham United,STR,2.5,53,1,0,0.2,,,1.8,0,1,6,1,7,2,1,0,0,0,0,0,0.0,,13,0,3,66,3,2,10,6.0,
54.0,244850,Morgan,Rogers,Aston Villa,MID,2.5,53,3,0,2.9,,,3.3,0,3,6,1,15,1,5,0,0,0,0,0,0.0,,24,1,0,79,4,0,12,17.0,
10.0,200641,Reiss,Nelson,Arsenal,MID,2.0,51,8,0,0.1,,,2.2,0,1,2,1,17,2,1,0,0,0,0,0,0.0,,12,11,1,88,5,1,14,8.0,
549.0,490721,Hugo,H.Bueno,Wolverhampton Wanderers,DEF,1.5,51,3,0,0.2,,,2.0,0,1,1,2,24,0,1,0,0,1,0,2,20.0,,12,12,1,81,8,5,8,7.0,
100.0,51927,Ben,Mee,Brentford,DEF,2.5,51,2,0,0.1,,,2.8,0,2,2,0,26,1,1,1,0,0,0,2,31.0,,4,3,1,72,15,14,4,10.0,
65.0,168636,Enes,Unal,Bournemouth,STR,2.5,50,0,0,0.1,,,2.9,0,2,12,2,6,4,2,0,0,0,0,0,0.0,,2,0,7,71,1,2,10,11.0,
387.0,106760,Luke,Shaw,Manchester United,DEF,4.0,49,5,0,8.0,,,3.3,0,0,1,1,18,3,7,0,0,0,0,4,18.0,,7,11,0,83,10,12,4,21.0,
382.0,184341,Mason,Mount,Manchester United,MID,3.0,49,3,0,0.6,,,2.5,0,1,3,1,29,1,2,0,0,0,0,0,0.0,,5,6,0,88,7,1,10,16.0,
53.0,232653,Jacob,Ramsey,Aston Villa,MID,3.0,49,1,0,0.3,,,2.3,0,1,5,1,22,2,2,0,0,0,0,0,0.0,,10,2,1,81,3,3,18,11.0,
534.0,476502,Boubacar,Traore,Wolverhampton Wanderers,MID,1.5,48,0,0,0.1,,,1.8,0,0,2,0,42,0,5,0,0,0,0,0,0.0,,12,3,1,80,7,3,6,28.0,
221.0,59949,Seamus,Coleman,Everton,DEF,2.0,45,1,0,0.4,,,3.5,0,0,0,1,17,0,0,0,0,1,0,5,10.0,,6,2,1,59,10,4,5,6.0,
181.0,213198,Christopher,Nkunku,Chelsea,STR,4.0,45,0,0,3.8,,,3.2,0,3,11,1,5,0,0,0,0,0,0,0,0.0,,2,0,4,88,3,2,7,8.0,
193.0,438464,Cheick,Doucoure,Crystal Palace,MID,2.0,45,7,0,0.1,,,3.8,0,0,2,1,36,0,2,0,0,0,0,0,0.0,,10,0,0,86,21,2,1,11.0,
239.0,159533,Adama,Traore,Fulham,MID,2.5,44,0,0,0.1,,,2.4,0,2,7,2,4,3,2,0,0,0,0,0,0.0,,10,6,0,70,1,0,4,5.0,
134.0,15157,James,Milner,Brighton and Hove Albion,MID,2.0,43,3,0,0.0,,,2.2,0,0,2,2,24,2,3,0,0,0,0,0,0.0,,3,8,4,84,8,0,7,12.0,
420.0,200089,Joe,Willock,Newcastle United,MID,2.5,43,1,0,0.0,,,3.1,0,2,7,0,17,0,1,0,0,0,0,0,0.0,,7,2,3,83,3,1,6,5.0,
170.0,514280,Alfie,Gilchrist,Chelsea,DEF,2.0,43,4,0,0.1,,,2.5,0,1,1,0,7,0,1,0,0,0,0,3,10.0,,2,0,0,64,7,4,0,4.0,
59.0,232980,Max,Aarons,Bournemouth,DEF,2.0,41,8,0,0.3,,,1.9,0,0,0,1,28,1,2,0,0,0,0,2,37.0,,12,3,2,80,8,5,30,12.0,
442.0,210462,Ibrahim,Sangare,Nottingham Forest,MID,2.0,40,2,0,0.0,,,2.4,0,0,0,0,42,0,6,0,0,0,0,0,0.0,,6,0,2,81,16,7,9,22.0,
258.0,245824,Carlos,Vinicius,Fulham,STR,2.0,40,0,0,0.2,,,2.5,0,3,7,1,3,0,2,0,0,0,0,0,0.0,,2,0,6,78,0,0,2,7.0,
112.0,48760,,Zanka,Brentford,DEF,1.5,40,0,0,0.2,,,2.2,0,1,2,2,22,0,4,0,0,0,0,2,29.0,,3,1,3,77,13,5,7,12.0,
443.0,85633,Matz,Sels,Nottingham Forest,GK,2.0,39,0,0,0.8,,,2.4,0,0,0,0,0,0,1,0,0,0,38,1,27.0,,0,0,0,66,0,0,3,0.0,
147.0,110735,Adam,Webster,Brighton and Hove Albion,DEF,2.5,39,8,0,0.1,,,2.2,0,0,1,0,19,0,3,0,0,1,0,2,25.0,,0,0,0,92,18,13,3,10.0,
564.0,231480,Santiago,S.Bueno,Wolverhampton Wanderers,DEF,2.0,39,6,0,0.1,,,2.3,0,0,2,0,21,1,2,0,0,0,0,1,27.0,,1,0,0,85,11,22,5,17.0,
463.0,39155,Adam,Lallana,Southampton,MID,2.0,38,1,0,0.1,,,1.3,0,0,2,2,12,1,3,0,0,0,0,0,0.0,,3,2,2,88,5,1,14,9.0,
517.0,55459,Aaron,Cresswell,West Ham United,DEF,2.0,38,3,0,0.6,,,2.1,0,1,1,1,9,0,3,0,0,0,0,2,16.0,,0,7,1,72,5,3,3,5.0,
14.0,225321,Aaron,Ramsdale,Arsenal,GK,3.0,38,0,0,0.8,,,3.8,0,0,0,1,0,0,0,0,0,0,19,3,11.0,,0,0,0,66,0,0,2,0.0,
555.0,429414,Sasa,Kalajdzic,Wolverhampton Wanderers,STR,2.0,38,0,0,0.0,,,2.9,0,3,3,3,8,1,2,0,0,0,0,0,0.0,,1,0,2,55,2,0,5,6.0,
121.0,474120,Julio,Enciso,Brighton and Hove Albion,MID,2.5,38,4,0,0.3,,,2.5,0,0,8,4,7,2,2,0,0,0,0,0,0.0,,21,2,1,71,0,0,15,8.0,
364.0,493250,Amad,Diallo,Manchester United,STR,2.5,37,4,0,1.4,,,3.1,0,2,5,1,13,1,1,1,0,0,0,0,0.0,,13,0,0,90,1,1,4,9.0,
19.0,209289,Emile,Smith Rowe,Arsenal,MID,2.5,36,1,0,4.0,,,2.0,0,0,9,0,6,2,0,0,0,0,0,0,0.0,,4,1,0,89,5,1,3,6.0,
106.0,513418,Kevin,Schade,Brentford,MID,2.0,36,0,0,0.0,,,3.0,0,2,4,2,3,2,0,0,0,0,0,0,0.0,,4,3,2,55,1,0,7,10.0,
84.0,229600,Mark,Travers,Bournemouth,GK,1.5,35,0,0,0.1,,,5.0,0,0,0,0,0,0,0,0,0,0,22,3,8.0,,0,0,0,58,0,0,1,1.0,
20.0,167199,Thomas,Partey,Arsenal,MID,3.0,34,8,0,0.2,,,2.3,0,0,2,0,14,0,4,0,0,0,0,0,0.0,,9,2,0,83,11,3,6,11.0,
501.0,209042,Oliver,Skipp,Tottenham Hotspur,MID,1.5,34,1,0,0.1,,,1.4,0,0,1,0,21,0,4,0,0,0,0,0,0.0,,4,2,0,86,5,1,14,12.0,
1.0,438098,Fabio,Vieira,Arsenal,MID,2.5,33,2,0,0.1,,,2.2,0,1,2,2,3,4,0,1,0,0,0,0,0.0,,4,5,2,85,2,0,16,12.0,
93.0,472713,Aaron,Hickey,Brentford,DEF,2.0,33,5,0,0.2,,,3.0,0,0,1,0,17,0,5,0,0,0,0,2,14.0,,8,0,0,88,4,4,16,12.0,
380.0,221820,Lisandro,Martinez,Manchester United,DEF,3.5,32,7,0,9.1,,,2.3,0,0,0,1,14,1,4,0,0,1,0,2,18.0,,4,0,0,89,8,11,4,8.0,
172.0,225796,Reece,James,Chelsea,DEF,4.0,32,5,0,0.3,,,2.9,0,0,2,7,15,2,0,2,0,0,0,1,13.0,,9,7,2,87,4,4,6,5.0,
137.0,243505,Jakub,Moder,Brighton and Hove Albion,MID,1.5,32,0,0,0.0,,,1.7,0,0,3,2,21,0,2,0,0,0,0,0,0.0,,7,0,2,75,4,2,6,8.0,
440.0,466404,Andrew,Omobamidele,Nottingham Forest,DEF,1.5,32,4,0,0.1,,,2.3,0,1,1,0,12,0,2,0,0,1,0,1,18.0,,0,0,0,81,16,12,3,8.0,
546.0,531363,Nathan,Fraser,Wolverhampton Wanderers,STR,1.5,32,0,0,0.2,,,2.9,0,2,6,1,7,1,1,0,0,0,0,0,0.0,,0,0,1,80,2,2,5,5.0,
33.0,151589,Leander,Dendoncker,Aston Villa,MID,2.0,30,1,0,0.1,,,2.1,0,1,2,0,7,1,0,0,0,0,0,0,0.0,,1,0,0,88,4,2,2,3.0,
359.0,155405,Kalvin,Phillips,Manchester City,MID,2.0,30,0,0,0.0,,,1.6,0,1,3,0,19,0,3,1,0,0,0,0,0.0,,2,2,0,83,7,1,12,25.0,
119.0,168090,Mahmoud,Dahoud,Brighton and Hove Albion,MID,2.0,30,2,0,0.0,,,2.1,0,0,1,2,14,1,1,1,0,0,0,0,0.0,,3,3,0,87,4,2,2,8.0,
515.0,149519,Maxwell,Cornet,West Ham United,MID,2.0,29,0,0,0.0,,,1.8,0,1,1,2,4,1,0,0,0,0,0,0,0.0,,1,3,4,70,2,0,4,4.0,
161.0,478912,Carney,Chukwuemeka,Chelsea,MID,2.0,28,0,0,0.1,,,2.3,0,2,3,0,9,1,2,0,0,0,0,0,0.0,,2,0,0,77,0,1,2,3.0,
228.0,106611,Michael,Keane,Everton,DEF,1.5,27,2,0,0.6,,,2.3,0,1,4,0,13,0,3,0,0,1,0,1,16.0,,4,0,0,68,13,5,3,8.0,
190.0,466117,Naouirou,Ahamada,Crystal Palace,MID,1.0,27,0,0,0.3,,,1.2,0,0,2,0,17,0,2,1,0,0,0,0,0.0,,8,1,1,82,3,0,6,11.0,
188.0,503714,Lesley,Ugochukwu,Chelsea,MID,2.0,27,1,0,0.0,,,1.8,0,0,0,0,23,0,3,0,0,0,0,0,0.0,,4,1,0,69,3,4,2,8.0,
384.0,488404,Facundo,Pellistri,Manchester United,MID,1.5,27,1,0,0.1,,,1.9,0,0,3,0,12,1,0,0,0,0,0,0,0.0,,10,1,1,77,3,1,10,8.0,
417.0,432422,Sandro,Tonali,Newcastle United,MID,3.0,25,1,0,0.1,,,2.1,0,1,2,0,9,0,3,0,0,0,0,0,0.0,,3,4,1,82,4,2,7,18.0,
45.0,441302,Ian,Maatsen,Aston Villa,DEF,3.0,25,0,0,6.4,,,1.7,0,0,2,1,8,0,2,0,0,0,0,1,6.0,,1,3,0,65,5,0,3,9.0,
305.0,244619,Luke,Thomas,Leicester City,DEF,2.0,24,7,0,0.0,,,1.8,0,0,2,0,20,0,4,0,0,0,0,1,29.0,,6,4,0,73,11,7,13,10.0,
92.0,194010,Rico,Henry,Brentford,DEF,2.5,22,5,0,0.5,,,4.4,0,0,0,2,7,1,1,0,0,0,0,1,5.0,,7,2,2,83,5,3,6,4.0,
72.0,223911,Chris,Mepham,Bournemouth,DEF,2.0,22,1,0,0.0,,,1.7,0,0,1,1,15,1,2,0,0,0,0,1,22.0,,2,0,0,84,12,8,4,19.0,
237.0,491012,Youssef,Chermiti,Everton,STR,1.5,22,0,0,0.2,,,1.1,0,0,2,2,3,0,4,0,0,0,0,0,0.0,,3,0,7,47,1,1,4,15.0,
545.0,449988,Fabio,Silva,Wolverhampton Wanderers,STR,1.5,21,0,0,0.3,,,2.1,0,1,4,0,7,0,2,0,0,0,0,0,0.0,,3,0,8,67,3,0,6,12.0,
502.0,235674,Manor,Solomon,Tottenham Hotspur,MID,2.5,19,2,0,0.0,,,3.2,0,0,2,1,6,2,1,0,0,0,0,0,0.0,,13,1,1,91,4,0,1,2.0,
373.0,465527,Hannibal,Mejbri,Manchester United,MID,2.0,19,0,0,0.0,,,1.9,0,1,1,0,11,0,3,0,0,0,0,0,0.0,,4,0,1,74,2,1,12,12.0,
227.0,222627,Joao,Virginia,Everton,GK,1.5,18,0,0,0.0,,,6.0,0,0,0,0,1,0,1,0,0,0,10,2,2.0,,0,0,0,52,0,0,1,0.0,
486.0,493125,Radu,Dragusin,Tottenham Hotspur,DEF,2.5,18,2,0,0.8,,,2.0,0,0,0,0,5,0,1,0,0,0,0,1,7.0,,1,0,1,83,8,4,4,6.0,
226.0,490094,Tim,Iroegbunam,Everton,MID,1.5,18,0,0,0.1,,,1.2,0,0,1,0,9,0,1,0,0,0,0,0,0.0,,4,0,0,84,5,1,6,12.0,
51.0,111782,Robin,Olsen,Aston Villa,GK,1.5,17,0,0,0.1,,,2.1,0,0,0,0,0,0,0,0,0,0,27,0,20.0,,0,0,0,81,0,0,2,0.0,
67.0,424044,Hamed,Traore,Bournemouth,MID,1.5,16,0,0,0.1,,,2.7,0,1,4,0,2,0,0,0,0,0,0,0,0.0,,5,1,5,83,1,0,2,3.0,
416.0,169359,Matt,Targett,Newcastle United,DEF,1.5,14,1,0,0.0,,,2.0,0,0,0,1,2,0,1,0,0,0,0,1,4.0,,0,3,0,49,2,0,3,0.0,
448.0,208912,Joe,Worrall,Nottingham Forest,DEF,1.5,14,0,0,0.1,,,1.6,0,0,0,0,8,0,0,1,0,0,0,1,11.0,,0,0,0,72,3,4,2,4.0,
483.0,436234,Bryan,Gil,Tottenham Hotspur,MID,2.0,14,1,0,0.0,,,1.2,0,0,1,0,1,0,1,0,0,0,0,0,0.0,,8,2,1,86,4,0,4,4.0,
61.0,444180,Jaidon,Anthony,Bournemouth,MID,1.5,13,0,0,0.1,,,3.3,0,0,3,1,4,1,1,0,0,0,0,0,0.0,,3,2,2,73,1,0,3,4.0,
213.0,450542,Jesurun,Rak-Sakyi,Crystal Palace,MID,1.5,12,1,0,0.1,,,1.5,0,0,1,0,4,0,0,0,0,0,0,0,0.0,,6,0,1,76,3,0,7,3.0,
116.0,543158,Valentin,Barco,Brighton and Hove Albion,DEF,2.0,12,1,0,1.2,,,1.7,0,0,2,0,11,0,1,0,0,0,0,0,9.0,,6,5,0,73,4,0,7,7.0,
412.0,111452,Odysseas,Vlachodimos,Newcastle United,GK,1.0,12,0,0,0.9,,,1.7,0,0,0,0,0,0,0,0,0,0,11,1,16.0,,0,0,0,79,0,0,1,0.0,
90.0,183656,Josh,Dasilva,Brentford,MID,2.0,11,0,0,0.0,,,2.2,0,0,1,1,3,1,0,0,0,0,0,0,0.0,,4,1,0,82,0,0,3,3.0,
60.0,200785,Tyler,Adams,Bournemouth,MID,2.0,11,3,0,0.0,,,2.8,0,0,0,0,6,0,0,0,0,0,0,0,0.0,,2,0,0,86,5,1,4,0.0,
318.0,496208,Ben,Doak,Liverpool,MID,2.0,10,0,0,0.0,,,2.0,0,0,2,0,3,0,0,0,0,0,0,0,0.0,,8,0,1,84,1,0,4,8.0,
68.0,463981,James,Hill,Bournemouth,DEF,1.0,8,0,0,0.8,,,1.3,0,0,0,0,6,0,0,0,0,0,0,0,1.0,,0,0,0,56,4,3,1,1.0,
312.0,535928,Stefan,Bajcetic,Liverpool,MID,2.0,6,0,0,0.1,,,2.0,0,0,0,0,7,0,1,0,0,0,0,0,0.0,,1,0,0,79,1,1,3,3.0,
246.0,515024,Luke,Harris,Fulham,MID,1.0,5,0,0,0.2,,,2.5,0,0,1,1,1,0,0,0,0,0,0,0,0.0,,1,0,0,81,0,0,2,2.0,
232.0,440993,Iliman,Ndiaye,Everton,MID,2.5,4,0,0,0.1,,,2.0,0,0,0,0,3,0,0,0,0,0,0,0,0.0,,3,0,0,68,0,0,0,0.0,
150.0,532605,Andrey,Santos,Chelsea,MID,1.5,4,1,0,0.0,,,2.0,0,0,0,0,0,0,0,0,0,0,0,0,0.0,,1,0,0,90,1,0,3,1.0,
165.0,617054,Deivid,Washington,Chelsea,STR,2.0,4,0,0,0.1,,,1.3,0,0,1,0,1,0,0,0,0,0,0,0,0.0,,0,0,0,66,0,0,0,0.0,
488.0,40383,Fraser,Forster,Tottenham Hotspur,GK,1.5,3,0,0,0.1,,,3.0,0,0,0,0,0,0,0,0,0,0,3,0,1.0,,0,0,0,73,0,0,0,0.0,
562.0,200600,Daniel,Podence,Wolverhampton Wanderers,MID,2.0,3,0,0,0.1,,,1.5,0,0,0,0,1,0,1,0,0,0,0,0,0.0,,3,0,0,67,0,0,0,1.0,
386.0,209243,Jadon,Sancho,Manchester United,MID,3.0,3,0,0,0.9,,,1.0,0,0,0,0,1,0,0,0,0,0,0,0,0.0,,3,0,1,83,1,0,2,0.0,
551.0,240299,Joe,Hodge,Wolverhampton Wanderers,MID,1.5,3,0,0,0.0,,,1.5,0,0,0,0,1,0,0,0,0,0,0,0,0.0,,0,0,0,82,1,0,0,2.0,
367.0,451302,Altay,Bayindir,Manchester United,GK,1.5,3,0,0,0.0,,,3.0,0,0,0,0,0,0,0,0,0,0,5,0,2.0,,0,0,0,79,0,0,0,0.0,
579.0,184349,Ryan,Sessegnon,Fulham,MID,2.0,2,0,0,0.1,,,2.0,0,0,1,0,0,0,0,0,0,0,0,0,0.0,,0,0,0,100,0,0,0,1.0,
439.0,243345,Lewis,O'Brien,Nottingham Forest,MID,1.5,1,0,0,0.0,,,1.0,0,0,0,0,0,0,0,0,0,0,0,0,0.0,,0,0,0,80,0,0,0,0.0,
552.0,441271,Ki-Jana,Hoever,Wolverhampton Wanderers,DEF,1.5,1,1,0,0.1,,,0.5,0,0,0,0,3,0,1,0,0,0,0,0,6.0,,2,1,0,81,5,1,2,5.0,
,444183,Gavin,Kilkenny,Bournemouth,MID,1.0,1,0,0,0.2,,,1.0,0,0,0,0,1,0,0,0,0,0,0,0,0.0,,0,0,0,86,0,0,1,1.0,
286.0,461416,Thomas,Cannon,Leicester City,STR,1.5,1,0,0,0.2,,,1.0,0,0,0,0,0,0,0,0,0,0,0,0,0.0,,0,0,0,0,0,0,0,0.0,
,461446,Tyler,Onyango,Everton,MID,1.0,1,0,0,0.2,,,1.0,0,0,0,0,0,0,0,0,0,0,0,0,0.0,,0,0,0,0,0,0,0,0.0,
69.0,523700,Daniel,Jebbison,Bournemouth,STR,1.5,1,0,0,0.1,,,1.0,0,0,0,0,0,0,0,0,0,0,0,0,0.0,,0,0,0,33,0,0,0,0.0,
174.0,514356,Romeo,Lavia,Chelsea,MID,2.5,1,0,0,0.1,,,1.0,0,0,0,0,1,0,0,0,0,0,0,0,0.0,,0,0,0,81,0,0,1,1.0,
547.0,593001,Enso,Gonzalez,Wolverhampton Wanderers,MID,1.5,1,0,0,0.0,,,1.0,0,0,0,0,0,0,0,0,0,0,0,0,0.0,,0,0,0,100,0,0,1,0.0,
569.0,481624,Jaden,Philogene,Aston Villa,MID,2.5,1,0,0,0.1,,,1.0,0,0,0,0,0,0,0,0,0,0,0,0,0.0,,0,0,0,75,0,0,0,0.0,
374.0,21205,Tom,Heaton,Manchester United,GK,1.5,0,0,0,0.1,,,0.0,0,0,0,0,0,0,0,0,0,0,0,0,0.0,,0,0,0,0,0,0,0,0.0,
469.0,58376,Alex,McCarthy,Southampton,GK,1.5,0,0,0,0.2,,,0.0,0,0,0,0,0,0,0,0,0,0,0,0,0.0,,0,0,0,0,0,0,0,0.0,
278.0,74944,Samy,Morsy,Ipswich Town,MID,2.0,0,0,0,0.1,,,0.0,0,0,0,0,0,0,0,0,0,0,0,0,0.0,,0,0,0,0,0,0,0,0.0,
472.0,88900,Jack,Stephens,Southampton,DEF,2.0,0,0,0,0.1,,,0.0,0,0,0,0,0,0,0,0,0,0,0,0,0.0,,0,0,0,0,0,0,0,0.0,
,89076,Remo,Freuler,Nottingham Forest,MID,2.0,0,0,0,0.0,,,0.0,0,0,0,0,0,0,0,0,0,0,0,0,0.0,,0,0,0,0,0,0,0,0.0,
397.0,90105,Ryan,Fraser,Newcastle United,MID,2.0,0,0,0,0.0,,,0.0,0,0,0,0,0,0,0,0,0,0,0,0,0.0,,0,0,0,0,0,0,0,0.0,
307.0,93100,Jannik,Vestergaard,Leicester City,DEF,2.0,0,0,0,0.4,,,0.0,0,0,0,0,0,0,0,0,0,0,0,0,0.0,,0,0,0,0,0,0,0,0.0,
288.0,94147,Conor,Coady,Leicester City,DEF,1.5,0,0,0,1.2,,,0.0,0,0,0,0,0,0,0,0,0,0,0,0,0.0,,0,0,0,0,0,0,0,0.0,
276.0,94926,Freddie,Ladapo,Ipswich Town,STR,1.0,0,0,0,1.5,,,0.0,0,0,0,0,0,0,0,0,0,0,0,0,0.0,,0,0,0,0,0,0,0,0.0,
308.0,95463,Danny,Ward,Leicester City,GK,1.5,0,0,0,0.1,,,0.0,0,0,0,0,0,0,0,0,0,0,0,0,0.0,,0,0,0,0,0,0,0,0.0,
39.0,462492,Joe,Gauci,Aston Villa,GK,1.5,0,0,0,0.0,,,0.0,0,0,0,0,0,0,0,0,0,0,0,0,0.0,,0,0,0,0,0,0,0,0.0,
302.0,111931,Ricardo,Pereira,Leicester City,DEF,2.5,0,0,0,0.6,,,0.0,0,0,0,0,0,0,0,0,0,0,0,0,0.0,,0,0,0,0,0,0,0,0.0,
263.0,122411,Cameron,Burgess,Ipswich Town,DEF,2.0,0,0,0,0.1,,,0.0,0,0,0,0,0,0,0,0,0,0,0,0,0.0,,0,0,0,0,0,0,0,0.0,
49.0,149484,Tyrone,Mings,Aston Villa,DEF,3.0,0,0,0,0.1,,,0.0,0,0,0,0,0,0,0,0,0,0,0,0,2.0,,0,0,0,100,1,0,0,0.0,
298.0,154048,Stephy,Mavididi,Leicester City,MID,2.5,0,0,0,0.8,,,0.0,0,0,0,0,0,0,0,0,0,0,0,0,0.0,,0,0,0,0,0,0,0,0.0,
,154936,Janoi,Donacien,Ipswich Town,DEF,1.0,0,0,0,0.3,,,0.0,0,0,0,0,0,0,0,0,0,0,0,0,0.0,,0,0,0,0,0,0,0,0.0,
205.0,209400,Daichi,Kamada,Crystal Palace,MID,2.0,0,0,0,0.3,,,0.0,0,0,0,0,0,0,0,0,0,0,0,0,0.0,,0,0,0,0,0,0,0,0.0,
453.0,155511,Adam,A.Armstrong,Southampton,STR,2.5,0,0,0,0.7,,,0.0,0,0,0,0,0,0,0,0,0,0,0,0,0.0,,0,0,0,0,0,0,0,0.0,
202.0,156074,Rob,Holding,Crystal Palace,DEF,1.5,0,1,0,0.3,,,0.0,0,0,0,0,1,0,1,0,0,0,0,0,3.0,,0,0,0,89,1,2,0,0.0,
309.0,157668,Harry,Winks,Leicester City,MID,2.0,0,0,0,0.4,,,0.0,0,0,0,0,0,0,0,0,0,0,0,0,0.0,,0,0,0,0,0,0,0,0.0,
271.0,167191,Marcus,Harness,Ipswich Town,MID,1.5,0,0,0,0.1,,,0.0,0,0,0,0,0,0,0,0,0,0,0,0,0.0,,0,0,0,0,0,0,0,0.0,
455.0,171771,Jan,Bednarek,Southampton,DEF,2.0,0,0,0,0.2,,,0.0,0,0,0,0,0,0,0,0,0,0,0,0,0.0,,0,0,0,0,0,0,0,0.0,
262.0,173818,Nathan,Broadhead,Ipswich Town,MID,2.5,0,0,0,0.1,,,0.0,0,0,0,0,0,0,0,0,0,0,0,0,0.0,,0,0,0,0,0,0,0,0.0,
282.0,180804,Axel,Tuanzebe,Ipswich Town,DEF,1.5,0,0,0,0.3,,,0.0,0,0,0,0,0,0,0,0,0,0,0,0,0.0,,0,0,0,0,0,0,0,0.0,
452.0,193204,Joe,Aribo,Southampton,MID,1.5,0,0,0,0.1,,,0.0,0,0,0,0,0,0,0,0,0,0,0,0,0.0,,0,0,0,0,0,0,0,0.0,
303.0,194190,Harry,Souttar,Leicester City,DEF,1.5,0,0,0,0.1,,,0.0,0,0,0,0,0,0,0,0,0,0,0,0,0.0,,0,0,0,0,0,0,0,0.0,
31.0,195546,Emiliano,Buendia,Aston Villa,MID,3.0,0,0,0,0.0,,,0.0,0,0,0,0,0,0,0,0,0,0,0,0,0.0,,0,0,0,0,0,0,0,0.0,
265.0,196411,Conor,Chaplin,Ipswich Town,STR,2.5,0,0,0,0.4,,,0.0,0,0,0,0,0,0,0,0,0,0,0,0,0.0,,0,0,0,0,0,0,0,0.0,
287.0,197469,Hamza,Choudhury,Leicester City,MID,1.5,0,0,0,0.1,,,0.0,0,0,0,0,0,0,0,0,0,0,0,0,0.0,,0,0,0,0,0,0,0,0.0,
300.0,203341,Onyinye Wilfred,Ndidi,Leicester City,MID,2.0,0,0,0,0.2,,,0.0,0,0,0,0,0,0,0,0,0,0,0,0,0.0,,0,0,0,0,0,0,0,0.0,
471.0,214466,Will,Smallbone,Southampton,MID,2.0,0,0,0,0.1,,,0.0,0,0,0,0,0,0,0,0,0,0,0,0,0.0,,0,0,0,0,0,0,0,0.0,
269.0,214964,George,Edmundson,Ipswich Town,DEF,1.5,0,0,0,0.1,,,0.0,0,0,0,0,0,0,0,0,0,0,0,0,0.0,,0,0,0,0,0,0,0,0.0,
166.0,215413,Kiernan,Dewsbury-Hall,Chelsea,MID,3.0,0,0,0,1.1,,,0.0,0,0,0,0,0,0,0,0,0,0,0,0,0.0,,0,0,0,0,0,0,0,0.0,
291.0,218218,Wout,Faes,Leicester City,DEF,2.5,0,0,0,0.3,,,0.0,0,0,0,0,0,0,0,0,0,0,0,0,0.0,,0,0,0,0,0,0,0,0.0,
284.0,220583,Luke,Woolfenden,Ipswich Town,DEF,2.0,0,0,0,0.1,,,0.0,0,0,0,0,0,0,0,0,0,0,0,0,0.0,,0,0,0,0,0,0,0,0.0,
295.0,220627,James,Justin,Leicester City,DEF,2.0,0,0,0,0.3,,,0.0,0,0,0,0,0,0,0,0,0,0,0,0,0.0,,0,0,0,0,0,0,0,0.0,
379.0,222690,Tyrell,Malacia,Manchester United,DEF,2.5,0,0,0,0.0,,,0.0,0,0,0,0,0,0,0,0,0,0,0,0,0.0,,0,0,0,0,0,0,0,0.0,
578.0,466075,Riccardo,Calafiori,Arsenal,DEF,4.0,0,0,0,4.6,,,0.0,0,0,0,0,0,0,0,0,0,0,0,0,0.0,,0,0,0,0,0,0,0,0.0,
285.0,225902,Boubakary,Soumare,Leicester City,MID,2.5,0,0,0,0.0,,,0.0,0,0,0,0,0,0,0,0,0,0,0,0,0.0,,0,0,0,0,0,0,0,0.0,
430.0,230251,Emmanuel,Dennis,Nottingham Forest,STR,1.5,0,0,0,0.2,,,0.0,0,0,0,0,0,0,0,0,0,0,0,0,0.0,,0,0,0,0,0,0,0,0.0,
281.0,231899,Jack,Taylor,Ipswich Town,MID,1.5,0,0,0,0.0,,,0.0,0,0,0,0,0,0,0,0,0,0,0,0,0.0,,0,0,0,0,0,0,0,0.0,
289.0,245419,Patson,Daka,Leicester City,STR,2.0,0,0,0,0.3,,,0.0,0,0,0,0,0,0,0,0,0,0,0,0,0.0,,0,0,0,0,0,0,0,0.0,
461.0,245719,Taylor,Harwood-Bellis,Southampton,DEF,2.5,0,0,0,0.3,,,0.0,0,0,0,0,0,0,0,0,0,0,0,0,0.0,,0,0,0,0,0,0,0,0.0,
242.0,428971,Steven,Benda,Fulham,GK,1.5,0,0,0,0.0,,,0.0,0,0,0,0,0,0,0,0,0,0,0,0,0.0,,0,0,0,0,0,0,0,0.0,
468.0,476888,Sekou,Mara,Southampton,STR,1.5,0,0,0,0.2,,,0.0,0,0,0,0,0,0,0,0,0,0,0,0,0.0,,0,0,0,0,0,0,0,0.0,
280.0,434044,Cieran,Slicker,Ipswich Town,GK,1.0,0,0,0,0.2,,,0.0,0,0,0,0,0,0,0,0,0,0,0,0,0.0,,0,0,0,0,0,0,0,0.0,
304.0,436680,Jakub,Stolarczyk,Leicester City,GK,1.5,0,0,0,0.0,,,0.0,0,0,0,0,0,0,0,0,0,0,0,0,0.0,,0,0,0,0,0,0,0,0.0,
141.0,441192,Jeremy,Sarmiento,Brighton and Hove Albion,MID,1.5,0,0,0,0.1,,,0.0,0,0,0,0,0,0,0,0,0,0,0,0,0.0,,0,0,0,0,0,0,0,0.0,
6.0,445122,Jurrien,Timber,Arsenal,DEF,3.5,0,0,0,4.7,,,0.0,0,0,0,0,2,0,2,0,0,0,0,0,0.0,,1,0,1,90,0,0,0,3.0,
143.0,450434,Deniz,Undav,Brighton and Hove Albion,STR,2.5,0,0,0,0.1,,,0.0,0,0,0,0,0,0,0,0,0,0,0,0,0.0,,0,0,0,0,0,0,0,0.0,
267.0,455084,Leif,Davis,Ipswich Town,DEF,2.5,0,0,0,1.6,,,0.0,0,0,0,0,0,0,0,0,0,0,0,0,0.0,,0,0,0,0,0,0,0,0.0,
454.0,456350,Gavin,Bazunu,Southampton,GK,2.0,0,0,0,0.2,,,0.0,0,0,0,0,0,0,0,0,0,0,0,0,0.0,,0,0,0,0,0,0,0,0.0,
264.0,149929,Wes,Burns,Ipswich Town,MID,2.0,0,0,0,0.2,,,0.0,0,0,0,0,0,0,0,0,0,0,0,0,0.0,,0,0,0,0,0,0,0,0.0,
297.0,461584,Wanya,Marcal,Leicester City,MID,1.5,0,0,0,0.0,,,0.0,0,0,0,0,0,0,0,0,0,0,0,0,0.0,,0,0,0,0,0,0,0,0.0,
260.0,462387,Ali,Al Hamadi,Ipswich Town,STR,1.5,0,0,0,0.2,,,0.0,0,0,0,0,0,0,0,0,0,0,0,0,0.0,,0,0,0,0,0,0,0,0.0,
476.0,158534,Kyle,Walker-Peters,Southampton,DEF,2.5,0,0,0,0.8,,,0.0,0,0,0,0,0,0,0,0,0,0,0,0,0.0,,0,0,0,0,0,0,0,0.0,
279.0,246265,Corrie,Ndaba,Ipswich Town,DEF,1.0,0,0,0,0.3,,,0.0,0,0,0,0,0,0,0,0,0,0,0,0,0.0,,0,0,0,0,0,0,0,0.0,
293.0,467189,Mads,Hermansen,Leicester City,GK,2.0,0,0,0,0.6,,,0.0,0,0,0,0,0,0,0,0,0,0,0,0,0.0,,0,0,0,0,0,0,0,0.0,
465.0,200428,Mateusz,Lis,Southampton,GK,1.0,0,0,0,0.2,,,0.0,0,0,0,0,0,0,0,0,0,0,0,0,0.0,,0,0,0,0,0,0,0,0.0,
456.0,477386,Armel,Bella-Kotchap,Southampton,DEF,2.0,0,0,0,0.0,,,0.0,0,0,0,0,0,0,0,0,0,0,0,0,0.0,,0,0,0,0,0,0,0,0.0,
296.0,481510,Victor,Kristiansen,Leicester City,DEF,2.5,0,0,0,0.1,,,0.0,0,0,0,0,0,0,0,0,0,0,0,0,0.0,,0,0,0,0,0,0,0,0.0,
459.0,490503,Samuel,Edozie,Southampton,MID,2.0,0,0,0,0.0,,,0.0,0,0,0,0,0,0,0,0,0,0,0,0,0.0,,0,0,0,0,0,0,0,0.0,
,496661,Tyler,Dibling,Southampton,MID,1.0,0,0,0,0.1,,,0.0,0,0,0,0,0,0,0,0,0,0,0,0,0.0,,0,0,0,0,0,0,0,0.0,
,499717,Jayden,Meghoma,Southampton,DEF,1.0,0,0,0,0.3,,,0.0,0,0,0,0,0,0,0,0,0,0,0,0,0.0,,0,0,0,0,0,0,0,0.0,
451.0,499724,Sam,Amo-Ameyaw,Southampton,STR,1.0,0,0,0,1.4,,,0.0,0,0,0,0,0,0,0,0,0,0,0,0,0.0,,0,0,0,0,0,0,0,0.0,
,501770,Ben,Nelson,Leicester City,DEF,1.5,0,0,0,0.1,,,0.0,0,0,0,0,0,0,0,0,0,0,0,0,0.0,,0,0,0,0,0,0,0,0.0,
450.0,502697,Carlos,Alcaraz,Southampton,MID,2.0,0,0,0,0.1,,,0.0,0,0,0,0,0,0,0,0,0,0,0,0,0.0,,0,0,0,0,0,0,0,0.0,
274.0,503301,Omari,Hutchinson,Ipswich Town,MID,2.5,0,0,0,1.0,,,0.0,0,0,0,0,0,0,0,0,0,0,0,0,0.0,,0,0,0,0,0,0,0,0.0,
462.0,504783,Kamaldeen,Sulemana,Southampton,MID,2.0,0,0,0,0.0,,,0.0,0,0,0,0,0,0,0,0,0,0,0,0,0.0,,0,0,0,0,0,0,0,0.0,
272.0,222625,George,Hirst,Ipswich Town,STR,2.0,0,0,0,0.2,,,0.0,0,0,0,0,0,0,0,0,0,0,0,0,0.0,,0,0,0,0,0,0,0,0.0,
464.0,515571,Juan,Larios,Southampton,DEF,1.5,0,0,0,0.0,,,0.0,0,0,0,0,0,0,0,0,0,0,0,0,0.0,,0,0,0,0,0,0,0,0.0,
261.0,517178,Elkan,Baggott,Ipswich Town,DEF,1.0,0,0,0,0.2,,,0.0,0,0,0,0,0,0,0,0,0,0,0,0,0.0,,0,0,0,0,0,0,0,0.0,
41.0,469247,Samuel,Iling-Junior,Aston Villa,MID,2.5,0,0,0,0.0,,,0.0,0,0,0,0,0,0,0,0,0,0,0,0,0.0,,0,0,0,0,0,0,0,0.0,
184.0,551230,Renato,Veiga,Chelsea,MID,2.0,0,0,0,0.0,,,0.0,0,0,0,0,0,0,0,0,0,0,0,0,0.0,,0,0,0,0,0,0,0,0.0,
489.0,547701,Archie,Gray,Tottenham Hotspur,MID,2.0,0,0,0,0.8,,,0.0,0,0,0,0,0,0,0,0,0,0,0,0,0.0,,0,0,0,0,0,0,0,0.0,
,538292,Zak,Bradshaw,Ipswich Town,DEF,1.0,0,0,0,0.3,,,0.0,0,0,0,0,0,0,0,0,0,0,0,0,0.0,,0,0,0,0,0,0,0,0.0,
294.0,207270,Daniel,Iversen,Leicester City,GK,1.5,0,0,0,0.1,,,0.0,0,0,0,0,0,0,0,0,0,0,0,0,0.0,,0,0,0,0,0,0,0,0.0,
306.0,101668,Jamie,Vardy,Leicester City,STR,2.5,0,0,0,1.7,,,0.0,0,0,0,0,0,0,0,0,0,0,0,0,0.0,,0,0,0,0,0,0,0,0.0,
273.0,524180,Cameron,Humphreys,Ipswich Town,MID,1.0,0,0,0,0.2,,,0.0,0,0,0,0,0,0,0,0,0,0,0,0,0.0,,0,0,0,0,0,0,0,0.0,
572.0,550864,Leny,Yoro,Manchester United,DEF,3.5,0,0,0,2.5,,,0.0,0,0,0,0,0,0,0,0,0,0,0,0,0.0,,0,0,0,0,0,0,0,0.0,
467.0,204863,Ryan,Manning,Southampton,DEF,2.0,0,0,0,0.0,,,0.0,0,0,0,0,0,0,0,0,0,0,0,0,0.0,,0,0,0,0,0,0,0,0.0,
466.0,167888,Joe,Lumley,Southampton,GK,1.0,0,0,0,0.2,,,0.0,0,0,0,0,0,0,0,0,0,0,0,0,0.0,,0,0,0,0,0,0,0,0.0,
458.0,463210,Shea,Charles,Southampton,MID,1.5,0,0,0,0.0,,,0.0,0,0,0,0,0,0,0,0,0,0,0,0,0.0,,0,0,0,0,0,0,0,0.0,
189.0,444463,Wesley,Fofana,Chelsea,DEF,3.0,0,0,0,0.1,,,0.0,0,0,0,0,0,0,0,0,0,0,0,0,0.0,,0,0,0,0,0,0,0,0.0,
266.0,232228,Harry,Clarke,Ipswich Town,DEF,2.0,0,0,0,0.1,,,0.0,0,0,0,0,0,0,0,0,0,0,0,0,0.0,,0,0,0,0,0,0,0,0.0,
,200439,Che,Adams,Southampton,STR,2.0,0,0,0,0.3,,,0.0,0,0,0,0,0,0,0,0,0,0,0,0,0.0,,0,0,0,0,0,0,0,0.0,
457.0,184386,James,Bree,Southampton,DEF,1.5,0,0,0,0.0,,,0.0,0,0,0,0,0,0,0,0,0,0,0,0,0.0,,0,0,0,0,0,0,0,0.0,
470.0,147611,Paul,Onuachu,Southampton,STR,2.5,0,0,0,0.1,,,0.0,0,0,0,0,0,0,0,0,0,0,0,0,0.0,,0,0,0,0,0,0,0,0.0,
474.0,219279,Yukinari,Sugawara,Southampton,DEF,2.0,0,0,0,0.1,,,0.0,0,0,0,0,0,0,0,0,0,0,0,0,0.0,,0,0,0,0,0,0,0,0.0,
277.0,106606,Massimo,Luongo,Ipswich Town,MID,2.0,0,0,0,0.0,,,0.0,0,0,0,0,0,0,0,0,0,0,0,0,0.0,,0,0,0,0,0,0,0,0.0,
,613041,Leon,Ayinde,Ipswich Town,MID,1.0,0,0,0,0.1,,,0.0,0,0,0,0,0,0,0,0,0,0,0,0,0.0,,0,0,0,0,0,0,0,0.0,
283.0,108813,Christian,Walton,Ipswich Town,GK,1.5,0,0,0,0.3,,,0.0,0,0,0,0,0,0,0,0,0,0,0,0,0.0,,0,0,0,0,0,0,0,0.0,
573.0,227444,Nikola,Milenkovic,Nottingham Forest,DEF,2.0,0,0,0,0.4,,,0.0,0,0,0,0,0,0,0,0,0,0,0,0,0.0,,0,0,0,0,0,0,0,0.0,
477.0,244845,Nathan,Wood,Southampton,DEF,1.5,0,0,0,0.0,,,0.0,0,0,0,0,0,0,0,0,0,0,0,0,0.0,,0,0,0,0,0,0,0,0.0,
566.0,247412,Jorgen Strand,Larsen,Wolverhampton Wanderers,STR,2.5,0,0,0,0.2,,,0.0,0,0,0,0,0,0,0,0,0,0,0,0,0.0,,0,0,0,0,0,0,0,0.0,
,538296,Gerard,Buabo,Ipswich Town,STR,1.0,0,0,0,1.3,,,0.0,0,0,0,0,0,0,0,0,0,0,0,0,0.0,,0,0,0,0,0,0,0,0.0,
270.0,449429,Jacob,Greaves,Ipswich Town,DEF,1.5,0,0,0,0.2,,,0.0,0,0,0,0,0,0,0,0,0,0,0,0,0.0,,0,0,0,0,0,0,0,0.0,
149.0,467779,Mats,Wieffer,Brighton and Hove Albion,MID,2.5,0,0,0,0.0,,,0.0,0,0,0,0,0,0,0,0,0,0,0,0,0.0,,0,0,0,0,0,0,0,0.0,
301.0,473341,Caleb,Okoli,Leicester City,DEF,2.0,0,0,0,0.0,,,0.0,0,0,0,0,0,0,0,0,0,0,0,0,0.0,,0,0,0,0,0,0,0,0.0,
460.0,500926,Ronnie,Edwards,Southampton,DEF,1.5,0,0,0,0.1,,,0.0,0,0,0,0,0,0,0,0,0,0,0,0,0.0,,0,0,0,0,0,0,0,0.0,
570.0,531442,Issahaku,Fatawu,Leicester City,MID,2.5,0,0,0,0.3,,,0.0,0,0,0,0,0,0,0,0,0,0,0,0,0.0,,0,0,0,0,0,0,0,0.0,
299.0,461587,Kasey,McAteer,Leicester City,MID,2.0,0,0,0,0.1,,,0.0,0,0,0,0,0,0,0,0,0,0,0,0,0.0,,0,0,0,0,0,0,0,0.0,
571.0,510281,,Savinho,Manchester City,MID,3.5,0,0,0,0.9,,,0.0,0,0,0,0,0,0,0,0,0,0,0,0,0.0,,0,0,0,0,0,0,0,0.0,
135.0,592031,Yankuba,Minteh,Brighton and Hove Albion,MID,3.0,0,0,0,1.0,,,0.0,0,0,0,0,0,0,0,0,0,0,0,0,0.0,,0,0,0,0,0,0,0,0.0,
268.0,463034,Liam,Delap,Ipswich Town,STR,1.5,0,0,0,0.4,,,0.0,0,0,0,0,0,0,0,0,0,0,0,0,0.0,,0,0,0,0,0,0,0,0.0,
389.0,458249,Joshua,Zirkzee,Manchester United,STR,3.0,0,0,0,3.9,,,0.0,0,0,0,0,0,0,0,0,0,0,0,0,0.0,,0,0,0,0,0,0,0,0.0,
427.0,475123,Carlos,Miguel,Nottingham Forest,GK,2.0,0,0,0,1.1,,,0.0,0,0,0,0,0,0,0,0,0,0,0,0,0.0,,0,0,0,0,0,0,0,0.0,
30.0,491287,Enzo,Barrenechea,Aston Villa,MID,2.5,0,0,0,0.0,,,0.0,0,0,0,0,0,0,0,0,0,0,0,0,0.0,,0,0,0,0,0,0,0,0.0,
107.0,502500,Igor,Thiago,Brentford,STR,2.5,0,0,0,0.1,,,0.0,0,0,0,0,0,0,0,0,0,0,0,0,0.0,,0,0,0,0,0,0,0,0.0,
556.0,138001,Tom,King,Wolverhampton Wanderers,GK,1.5,0,0,0,0.0,,,0.0,0,0,0,0,0,0,0,0,0,0,0,0,0.0,,0,0,0,0,0,0,0,0.0,
518.0,220585,Flynn,Downes,Southampton,MID,1.5,0,0,0,0.2,,,0.0,0,0,0,0,0,0,0,0,0,0,0,0,0.0,,0,0,0,0,0,0,0,0.0,
473.0,230348,Ross,Stewart,Southampton,STR,1.5,0,0,0,0.2,,,0.0,0,0,0,0,0,0,0,0,0,0,0,0,0.0,,0,0,0,0,0,0,0,0.0,
563.0,483081,Rodrigo,Gomes,Wolverhampton Wanderers,MID,2.0,0,0,0,0.2,,,0.0,0,0,0,0,0,0,0,0,0,0,0,0,0.0,,0,0,0,0,0,0,0,0.0,
195.0,515621,Chadi,Riad,Crystal Palace,DEF,2.5,0,0,0,0.0,,,0.0,0,0,0,0,0,0,0,0,0,0,0,0,0.0,,0,0,0,0,0,0,0,0.0,
526.0,577114,Luis,Guilherme,West Ham United,MID,2.5,0,0,0,0.0,,,0.0,0,0,0,0,0,0,0,0,0,0,0,0,0.0,,0,0,0,0,0,0,0,0.0,
577.0,463903,Jesper,Lindstrom,Everton,MID,2.5,0,0,0,0.1,,,0.0,0,0,0,0,0,0,0,0,0,0,0,0,0.0,,0,0,0,0,0,0,0,0.0,
275.0,222018,Ben,Johnson,DEF,2.5,0.0,0,0,0,,,0.0,0.0,0,0,0,0,0,0,0,0,0,0,0,0,,0.0,0,0,0,0,0,0,0,,
568.0,232917,Arijanet,Muric,Ipswich Town,GK,2.0,65,0,0,0.0,,,4.6,0,0,0,2,1,0,1,0,0,1,72,2,20.0,,0,0,0,71,0,0,5,0.0,
509.0,165153,Timo,Werner,Tottenham Hotspur,STR,3.0,54,0,0,0.1,,,3.9,0,2,7,4,7,4,1,0,0,0,0,0,0.0,,13,7,12,79,3,0,6,4.0,
585.0,232185,Ismaila,Sarr,Crystal Palace,MID,2.5,0,0,0,0.1,,,0.0,0,0,0,0,0,0,0,0,0,0,0,0,0.0,,0,0,0,0,0,0,0,0.0,
580.0,554605,Dean,Huijsen,Bournemouth,DEF,2.0,0,0,0,0.0,,,0.0,0,0,0,0,0,0,0,0,0,0,0,0,0.0,,0,0,0,0,0,0,0,0.0,
583.0,108053,Conor,Townsend,Ipswich Town,DEF,1.5,0,0,0,0.0,,,0.0,0,0,0,0,0,0,0,0,0,0,0,0,0.0,,0,0,0,0,0,0,0,0.0,
481.0,570526,Lucas,Bergvall,Tottenham Hotspur,MID,2.0,0,0,0,0.0,,,0.0,0,0,0,0,0,0,0,0,0,0,0,0,0.0,,0,0,0,0,0,0,0,0.0,
587.0,450070,Crysencio,Summerville,West Ham United,MID,3.0,0,0,0,0.6,,,0.0,0,0,0,0,0,0,0,0,0,0,0,0,0.0,,0,0,0,0,0,0,0,0.0,
586.0,246301,Jorge,Cuenca,Fulham,DEF,2.5,0,0,0,0.0,,,0.0,0,0,0,0,0,0,0,0,0,0,0,0,0.0,,0,0,0,0,0,0,0,0.0,
,91889,Niclas,Fullkrug,West Ham United,STR,3.5,0,0,0,1.6,,,0.0,0,0,0,0,0,0,0,0,0,0,0,0,0.0,,0,0,0,0,0,0,0,0.0,
504.0,232859,Djed,Spence,Tottenham Hotspur,DEF,2.5,0,0,0,0.0,,,0.0,0,0,0,0,0,0,0,0,0,0,0,0,0.0,,0,0,0,0,0,0,0,0.0,
,577974,Harry,Amass,Manchester United,DEF,2.5,0,0,0,0.0,,,0.0,0,0,0,0,0,0,0,0,0,0,0,0,0.0,,0,0,0,0,0,0,0,0.0,
,510500,Jota,Silva,Nottingham Forest,MID,2.5,0,0,0,0.0,,,0.0,0,0,0,0,0,0,0,0,0,0,0,0,0.0,,0,0,0,0,0,0,0,0.0,
582.0,512462,Jake,O'Brien,Everton,DEF,2.5,0,0,0,0.1,,,0.0,0,0,0,0,0,0,0,0,0,0,0,0,0.0,,0,0,0,0,0,0,0,0.0,
