"","ID","Name","Team","HidPos","Position","Â£m","%","Tot Pts","PPG","PPM","PPGPM","T6","G6","PPG6","SXI","Sub","G","A","Tck","Sav","FCS","PCS","GC","OG","YC","RC","M P","S P"
"","223094","Erling Haaland","Manchester City","4","STR","8.5","46.8","247","7.26","29.06","0.85","0","0","0.00","32","2","32","8","0","0","0","0","0","0","1","0","1","0"
"","244851","Cole Palmer","Chelsea","3","MID","5.8","57.4","235","5.88","40.52","1.01","0","0","0.00","34","6","23","16","25","0","0","0","0","0","7","0","0","0"
"","178301","Ollie Watkins","Aston Villa","4","STR","5.7","39.5","224","5.60","39.30","0.98","0","0","0.00","39","1","19","18","0","0","0","0","0","0","4","0","0","0"
"","209244","Phil Foden","Manchester City","3","MID","5.4","35.7","216","5.40","40.00","1.00","0","0","0.00","38","2","21","9","34","0","0","0","0","0","3","0","0","0"
"","223340","Bukayo Saka","Arsenal","3","MID","5.8","32.9","209","5.81","36.03","1.00","0","0","0.00","36","0","16","12","67","0","0","0","0","0","4","0","0","0"
"","141746","Bruno Fernandes","Manchester Utd","3","MID","6.4","11.6","203","4.95","31.72","0.77","0","0","0.00","41","0","13","12","84","0","0","0","0","0","10","0","1","0"
"","232826","Anthony Gordon","Newcastle Utd","3","MID","4.7","34.4","194","4.97","41.28","1.06","0","0","0.00","38","1","12","17","58","0","0","0","0","0","11","1","0","0"
"","219168","Alexander Isak","Newcastle Utd","4","STR","5.1","35.0","189","5.56","37.06","1.09","0","0","0.00","31","3","23","4","0","0","0","0","0","0","1","0","1","0"
"","118748","Mohamed Salah","Liverpool","4","STR","7.2","19.6","187","5.67","25.97","0.79","0","0","0.00","29","4","19","12","0","0","0","0","0","0","2","0","2","0"
"","178186","Jarrod Bowen","West Ham Utd","3","MID","5.3","9.8","186","5.31","35.09","1.00","0","0","0.00","35","0","17","6","44","0","0","0","0","0","2","0","0","0"
"","154566","Dominic Solanke","Bournemouth","4","STR","4.4","12.3","183","4.69","41.59","1.07","0","0","0.00","38","1","20","4","0","0","0","0","0","0","4","0","1","0"
"","85971","Heung-Min Son","Tottenham Hotspur","4","STR","6.4","9.2","180","5.14","28.13","0.80","0","0","0.00","34","1","17","10","0","0","0","0","0","1","1","0","0","0"
"","198869","Ben White","Arsenal","2","DEF","4.6","20.6","179","4.71","38.91","1.02","0","0","0.00","36","2","4","5","0","0","17","1","28","0","8","0","0","0"
"","208706","Bruno Guimaraes","Newcastle Utd","3","MID","3.9","12.4","178","4.34","45.64","1.11","0","0","0.00","41","0","7","10","100","0","0","0","0","0","9","0","0","0"
"","202641","Andre Onana","Manchester Utd","1","GK","4.1","10.3","177","4.12","43.17","1.00","0","0","0.00","43","0","0","0","0","169","11","0","65","0","6","0","0","0"
"","204480","Declan Rice","Arsenal","3","MID","4.6","6.7","169","4.33","36.74","0.94","0","0","0.00","38","1","7","9","89","0","0","0","0","0","5","0","0","0"
"","461358","Julian Alvarez","Manchester City","4","STR","4.9","2.0","168","4.00","34.29","0.82","0","0","0.00","34","8","12","12","0","0","0","0","0","0","4","0","0","0"
"","220566","Rodri","Manchester City","3","MID","4.4","12.2","167","4.39","37.95","1.00","0","0","0.00","38","0","8","11","79","0","0","0","0","0","8","1","0","0"
"","232787","Conor Gallagher","Chelsea","3","MID","4.0","2.5","167","3.88","41.75","0.97","0","0","0.00","41","2","7","8","88","0","0","0","0","0","6","1","0","0"
"","462424","William Saliba","Arsenal","2","DEF","4.5","24.9","166","4.26","36.89","0.95","0","0","0.00","39","0","2","1","0","0","18","0","31","0","5","0","0","0"
"","517052","Nicolas Jackson","Chelsea","4","STR","4.0","4.5","165","4.23","41.25","1.06","0","0","0.00","35","4","16","7","0","0","0","0","0","0","10","0","0","0"
"","219847","Kai Havertz","Arsenal","4","STR","5.1","6.8","164","4.32","32.16","0.85","0","0","0.00","31","7","13","10","0","0","0","0","0","0","11","0","0","0"
"","111234","Jordan Pickford","Everton","1","GK","3.7","14.7","160","4.21","43.24","1.14","0","0","0.00","38","0","0","0","0","121","13","0","51","1","5","0","0","0"
"","231747","Jean-Philippe Mateta","Crystal Palace","4","STR","4.1","6.1","160","4.32","39.02","1.05","0","0","0.00","26","11","16","7","0","0","0","0","0","0","4","0","0","0"
"","184029","Martin Odegaard","Arsenal","3","MID","5.3","10.8","159","4.42","30.00","0.83","0","0","0.00","36","0","8","11","50","0","0","0","0","0","2","0","0","0"
"","165809","Bernardo Silva","Manchester City","3","MID","5.1","3.2","158","4.27","30.98","0.84","0","0","0.00","34","3","9","10","55","0","0","0","0","0","8","0","0","0"
"","226597","Gabriel Magalhaes","Arsenal","2","DEF","4.3","11.6","156","4.22","36.28","0.98","0","0","0.00","35","2","3","1","0","0","16","1","28","1","4","0","0","0"
"","154561","David Raya","Arsenal","1","GK","4.3","16.0","154","4.81","35.81","1.12","0","0","0.00","32","0","0","0","0","46","16","0","24","0","2","0","0","1"
"","60307","Pascal GroSs","B & H Albion","3","MID","3.9","2.4","154","3.95","39.49","1.01","0","0","0.00","37","2","4","13","73","0","0","0","0","0","6","0","0","0"
"","430871","Matheus Cunha","Wolverhampton","4","STR","3.6","3.1","152","4.34","42.22","1.21","0","0","0.00","32","3","14","8","0","0","0","0","0","0","9","0","0","0"
"","447203","Darwin Nunez","Liverpool","4","STR","6.1","3.9","152","3.90","24.92","0.64","0","0","0.00","25","14","12","13","0","0","0","0","0","0","9","0","1","0"
"","243016","Alexis Mac Allister","Liverpool","3","MID","4.2","5.4","149","4.14","35.48","0.99","0","0","0.00","33","3","6","5","107","0","0","0","0","0","8","1","0","0"
"","460842","Mohammed Kudus","West Ham Utd","3","MID","4.4","4.7","147","4.45","33.41","1.01","0","0","0.00","27","6","8","10","62","0","0","0","0","0","6","0","0","0"
"","149065","Jose Sa","Wolverhampton","1","GK","3.5","2.5","146","3.65","41.71","1.04","0","0","0.00","40","0","0","1","0","156","6","0","64","0","2","0","0","0"
"","222531","Morgan Gibbs-White","Nottingham Forest","3","MID","3.4","14.6","146","3.56","42.94","1.05","0","0","0.00","38","3","6","12","39","0","0","0","0","0","9","0","0","0"
"","80201","Bernd Leno","Fulham","1","GK","3.4","2.5","145","3.82","42.65","1.12","0","0","0.00","38","0","0","0","0","134","10","0","61","1","3","0","0","0"
"","101178","James Ward-Prowse","West Ham Utd","3","MID","4.2","2.2","144","3.69","34.29","0.88","0","0","0.00","36","3","7","7","46","0","0","0","0","0","5","0","0","0"
"","215711","Leon Bailey","Aston Villa","3","MID","4.0","3.9","144","3.79","36.00","0.95","0","0","0.00","24","14","10","11","16","0","0","0","0","0","6","0","0","0"
"","493105","Alejandro Garnacho","Manchester Utd","4","STR","3.8","5.9","144","3.43","37.89","0.90","0","0","0.00","36","6","8","10","0","0","0","0","0","0","4","0","0","0"
"","58621","Kyle Walker","Manchester City","2","DEF","4.8","5.4","142","3.84","29.58","0.80","0","0","0.00","35","2","0","5","0","0","13","1","33","0","2","0","0","0"
"","477424","Josko Gvardiol","Manchester City","2","DEF","4.5","15.4","139","4.34","30.89","0.97","0","0","0.00","30","2","4","2","0","0","12","1","25","0","4","0","0","0"
"","243557","Moussa Diaby","Aston Villa","3","MID","4.0","0.3","137","3.43","34.25","0.86","0","0","0.00","26","14","7","11","14","0","0","0","0","0","1","0","0","0"
"","445044","Dejan Kulusevski","Tottenham Hotspur","3","MID","4.8","2.3","137","3.61","28.54","0.75","0","0","0.00","33","5","8","3","62","0","0","0","0","0","6","0","0","0"
"","244731","Luis Diaz","Liverpool","4","STR","5.1","1.3","137","3.43","26.86","0.67","0","0","0.00","34","6","9","7","0","0","0","0","0","0","3","0","0","0"
"","448089","Joao Gomes","Wolverhampton","3","MID","2.9","5.5","136","3.68","46.90","1.27","0","0","0.00","35","2","2","3","136","0","0","0","0","0","11","1","0","0"
"","184254","Guglielmo Vicario","Tottenham Hotspur","1","GK","3.3","11.8","135","3.38","40.91","1.02","0","0","0.00","40","0","0","0","0","115","8","0","62","0","3","0","0","0"
"","211975","Manuel Akanji","Manchester City","2","DEF","4.5","3.7","134","3.83","29.78","0.85","0","0","0.00","32","3","2","0","0","0","13","2","25","0","2","1","0","0"
"","480455","Jarrad Branthwaite","Everton","2","DEF","3.0","33.4","134","3.53","44.67","1.18","0","0","0.00","38","0","3","1","0","0","14","0","46","0","8","0","0","0"
"","215439","Tomas Soucek","West Ham Utd","3","MID","3.6","0.7","134","3.44","37.22","0.95","0","0","0.00","36","3","7","2","61","0","0","0","0","0","7","0","0","0"
"","60689","Chris Wood","Nottingham Forest","4","STR","3.5","1.3","134","3.94","38.29","1.13","0","0","0.00","23","11","15","1","0","0","0","0","0","0","1","0","0","0"
"","116535","Alisson Becker","Liverpool","1","GK","4.5","5.2","132","4.40","29.33","0.98","0","0","0.00","30","0","0","0","0","92","9","0","32","0","1","0","0","0"
"","98980","Emiliano Martinez","Aston Villa","1","GK","3.9","6.6","132","3.57","33.85","0.91","0","0","0.00","37","0","0","0","0","106","10","0","51","2","4","0","0","0"
"","103955","Raheem Sterling","Chelsea","4","STR","5.3","0.8","132","3.57","24.91","0.67","0","0","0.00","26","11","9","11","0","0","0","0","0","0","7","0","1","0"
"","232413","Eberechi Eze","Crystal Palace","3","MID","3.9","24.1","131","4.52","33.59","1.16","0","0","0.00","26","3","11","5","36","0","0","0","0","0","4","0","0","0"
"","121160","Ederson","Manchester City","1","GK","4.6","4.7","130","3.94","28.26","0.86","0","0","0.00","33","0","0","0","0","57","11","1","27","0","5","0","0","0"
"","122806","John McGinn","Aston Villa","3","MID","3.7","1.7","130","3.42","35.14","0.92","0","0","0.00","38","0","6","5","62","0","0","0","0","0","9","1","0","0"
"","151086","Mario Lemina","Wolverhampton","3","MID","3.0","0.9","130","3.33","43.33","1.11","0","0","0.00","37","2","5","1","94","0","0","0","0","0","10","1","0","0"
"","180135","Sean Longstaff","Newcastle Utd","3","MID","2.8","1.8","130","3.33","46.43","1.19","0","0","0.00","34","5","7","3","60","0","0","0","0","0","8","0","0","0"
"","475168","Joao Pedro","B & H Albion","4","STR","3.3","2.5","129","3.91","39.09","1.18","0","0","0.00","21","12","14","3","0","0","0","0","0","0","2","0","1","0"
"","441164","Pedro Porro","Tottenham Hotspur","2","DEF","3.8","13.2","128","3.46","33.68","0.91","0","0","0.00","37","0","4","8","0","0","8","0","55","0","4","0","0","0"
"","216646","Yoane Wissa","Brentford","4","STR","3.3","0.6","128","3.76","38.79","1.14","0","0","0.00","29","5","12","4","0","0","0","0","0","0","7","0","0","0"
"","17761","James Tarkowski","Everton","2","DEF","3.1","5.1","127","3.10","40.97","1.00","0","0","0.00","41","0","1","1","0","0","15","0","53","0","11","0","0","0"
"","88894","Ross Barkley","Aston Villa","3","MID","3.2","2.3","127","3.53","39.69","1.10","0","0","0.00","34","2","5","6","53","0","0","0","0","0","6","0","0","0"
"","195851","Scott McTominay","Manchester Utd","3","MID","3.4","1.7","127","3.34","37.35","0.98","0","0","0.00","23","15","9","2","54","0","0","0","0","0","3","0","0","0"
"","126184","Nathan Ake","Manchester City","2","DEF","4.4","2.8","126","3.82","28.64","0.87","0","0","0.00","28","5","3","3","0","0","8","3","24","0","0","0","0","0"
"","119471","Fabian Schar","Newcastle Utd","2","DEF","3.7","8.3","125","3.13","33.78","0.84","0","0","0.00","39","1","4","3","0","0","11","1","61","0","7","0","0","0"
"","116216","Leandro Trossard","Arsenal","3","MID","4.4","1.8","125","3.57","28.41","0.81","0","0","0.00","18","17","12","2","25","0","0","0","0","0","2","0","0","0"
"","486672","Moises Caicedo","Chelsea","3","MID","3.6","0.7","125","3.05","34.72","0.85","0","0","0.00","39","2","1","4","108","0","0","0","0","0","14","0","0","0"
"","118342","Mark Flekken","Brentford","1","GK","2.9","5.6","124","3.35","42.76","1.16","0","0","0.00","37","0","0","1","0","114","7","0","63","0","3","0","0","0"
"","216051","Diogo Dalot","Manchester Utd","2","DEF","3.3","15.6","124","2.95","37.58","0.89","0","0","0.00","41","1","3","5","0","0","10","0","64","0","4","1","0","0"
"","84182","Alphonse Areola","West Ham Utd","1","GK","3.3","1.0","123","3.97","37.27","1.20","0","0","0.00","31","0","0","0","0","138","4","0","53","1","1","0","0","2"
"","97032","Virgil van Dijk","Liverpool","2","DEF","5.1","6.8","123","3.15","24.12","0.62","0","0","0.00","38","1","3","2","0","0","9","1","45","0","3","1","0","0"
"","158499","Ryan Christie","Bournemouth","3","MID","3.1","0.3","123","3.08","39.68","0.99","0","0","0.00","36","4","0","5","92","0","0","0","0","0","6","0","0","0"
"","232928","James Garner","Everton","3","MID","2.9","0.6","123","3.08","42.41","1.06","0","0","0.00","37","3","1","3","96","0","0","0","0","0","7","0","0","0"
"","242898","Brennan Johnson","Tottenham Hotspur","4","STR","3.6","1.1","123","3.32","34.17","0.92","0","0","0.00","28","9","5","12","0","0","0","0","0","0","3","0","0","0"
"","497894","Rasmus Hojlund","Manchester Utd","4","STR","4.8","1.7","123","3.51","25.63","0.73","0","0","0.00","29","6","11","2","0","0","0","0","0","0","2","0","0","0"
"","224024","Lucas Paqueta","West Ham Utd","3","MID","4.0","0.8","122","3.81","30.50","0.95","0","0","0.00","32","0","4","7","69","0","0","0","0","0","10","0","0","0"
"","248875","Jeremy Doku","Manchester City","4","STR","4.4","1.3","121","3.46","27.50","0.79","0","0","0.00","19","16","5","10","0","0","0","0","0","0","4","0","0","0"
"","171314","Ruben Dias","Manchester City","2","DEF","5.2","5.9","119","3.50","22.88","0.67","0","0","0.00","31","3","0","1","0","0","12","2","28","1","1","0","0","0"
"","78916","Dan Burn","Newcastle Utd","2","DEF","3.6","4.3","119","3.22","33.06","0.89","0","0","0.00","36","1","3","2","0","0","10","1","48","0","4","0","0","0"
"","176297","Marcus Rashford","Manchester Utd","4","STR","5.7","2.5","119","3.13","20.88","0.55","0","0","0.00","31","7","8","4","0","0","0","0","0","0","2","0","0","0"
"","184754","Hee-Chan Hwang","Wolverhampton","4","STR","3.4","0.4","119","3.97","35.00","1.17","0","0","0.00","26","4","12","3","0","0","0","0","0","0","6","0","0","0"
"","169187","Trent Alexander-Arnold","Liverpool","2","DEF","5.2","14.6","118","3.93","22.69","0.76","0","0","0.00","26","4","3","6","0","0","9","0","29","0","7","0","0","0"
"","244723","Tyrick Mitchell","Crystal Palace","2","DEF","3.1","4.1","118","3.03","38.06","0.98","0","0","0.00","39","0","2","3","0","0","11","0","56","0","6","0","0","0"
"","121599","Abdoulaye Doucoure","Everton","3","MID","3.5","0.5","118","3.69","33.71","1.05","0","0","0.00","32","0","7","3","44","0","0","0","0","0","7","0","0","0"
"","69752","Norberto Neto","Bournemouth","1","GK","2.7","2.1","116","3.63","42.96","1.34","0","0","0.00","32","0","0","0","0","112","7","0","55","0","5","0","0","1"
"","174874","Joachim Andersen","Crystal Palace","2","DEF","3.0","7.4","116","2.90","38.67","0.97","0","0","0.00","40","0","2","3","0","0","11","0","59","0","8","0","0","0"
"","156689","Andreas Pereira","Fulham","3","MID","3.0","2.2","116","2.97","38.67","0.99","0","0","0.00","36","3","3","9","24","0","0","0","0","0","7","0","0","0"
"","449434","Anthony Elanga","Nottingham Forest","4","STR","3.5","0.3","116","3.05","33.14","0.87","0","0","0.00","27","11","5","9","0","0","0","0","0","0","1","0","0","0"
"","61366","Kevin De Bruyne","Manchester City","3","MID","6.7","8.0","115","5.00","17.16","0.75","0","0","0.00","18","5","4","17","16","0","0","0","0","0","3","0","0","0"
"","212319","Richarlison","Tottenham Hotspur","4","STR","5.3","0.8","114","3.80","21.51","0.72","0","0","0.00","20","10","11","4","0","0","0","0","0","0","3","0","0","0"
"","172780","James Maddison","Tottenham Hotspur","3","MID","5.2","5.0","113","3.90","21.73","0.75","0","0","0.00","26","3","4","11","31","0","0","0","0","0","5","0","0","0"
"","448047","Enzo Fernandez","Chelsea","3","MID","4.1","0.5","113","3.42","27.56","0.84","0","0","0.00","31","2","5","4","63","0","0","0","0","0","10","0","1","0"
"","243298","Cody Gakpo","Liverpool","4","STR","5.3","3.0","113","2.90","21.32","0.55","0","0","0.00","20","19","8","5","0","0","0","0","0","0","1","0","0","0"
"","204580","Vitaly Janelt","Brentford","3","MID","3.3","0.2","112","2.80","33.94","0.85","0","0","0.00","38","2","1","4","66","0","0","0","0","0","8","0","0","0"
"","209046","Callum Hudson-Odoi","Nottingham Forest","3","MID","3.1","2.8","112","3.29","36.13","1.06","0","0","0.00","23","11","8","3","21","0","0","0","0","0","0","0","0","0"
"","444145","Gabriel Martinelli","Arsenal","3","MID","4.9","2.7","112","3.11","22.86","0.63","0","0","0.00","24","12","6","5","30","0","0","0","0","0","1","0","0","0"
"","433154","Dwight McNeil","Everton","3","MID","3.4","0.3","111","2.92","32.65","0.86","0","0","0.00","36","2","3","8","45","0","0","0","0","0","2","0","0","0"
"","446008","Bryan Mbeumo","Brentford","4","STR","3.9","1.2","111","4.44","28.46","1.14","0","0","0.00","22","3","9","7","0","0","0","0","0","0","2","0","0","0"
"","67089","Martin Dubravka","Newcastle Utd","1","GK","2.8","0.8","110","4.07","39.29","1.46","0","0","0.00","26","1","0","0","0","103","6","1","45","0","1","0","0","1"
"","194634","Diogo Jota","Liverpool","4","STR","5.3","1.7","110","4.78","20.75","0.90","0","0","0.00","15","8","11","7","0","0","0","0","0","0","1","1","0","0"
"","166477","Timothy Castagne","Fulham","2","DEF","3.3","1.0","109","3.11","33.03","0.94","0","0","0.00","30","5","1","3","0","0","10","0","40","0","3","0","0","0"
"","224967","Vitalii Mykolenko","Everton","2","DEF","2.9","4.6","109","3.52","37.59","1.21","0","0","0.00","31","0","2","1","0","0","11","1","39","1","0","0","0","0"
"","201658","Marcus Tavernier","Bournemouth","3","MID","2.8","0.6","109","3.30","38.93","1.18","0","0","0.00","26","7","4","4","56","0","0","0","0","0","3","0","0","0"
"","77794","Kieran Trippier","Newcastle Utd","2","DEF","4.0","4.0","108","3.48","27.00","0.87","0","0","0.00","29","2","1","10","0","0","8","1","44","0","5","0","0","0"
"","207283","Mathias Jensen","Brentford","3","MID","3.4","0.2","106","3.12","31.18","0.92","0","0","0.00","29","5","3","4","56","0","0","0","0","0","5","0","0","0"
"","222683","Justin Kluivert","Bournemouth","3","MID","2.7","2.0","106","3.12","39.26","1.15","0","0","0.00","26","8","8","1","33","0","0","0","0","0","6","0","0","0"
"","444884","Harvey Elliott","Liverpool","3","MID","3.5","3.1","105","2.84","30.00","0.81","0","0","0.00","13","24","4","10","29","0","0","0","0","0","3","0","0","0"
"","437730","Antoine Semenyo","Bournemouth","4","STR","2.8","0.6","104","3.06","37.14","1.09","0","0","0.00","25","9","8","4","0","0","0","0","0","0","7","0","0","0"
"","457569","Djordje Petrovic","Chelsea","1","GK","3.5","1.0","103","3.81","29.43","1.09","0","0","0.00","26","1","0","0","0","88","7","0","40","0","4","0","0","0"
"","516895","Kobbie Mainoo","Manchester Utd","3","MID","3.8","8.3","103","3.43","27.11","0.90","0","0","0.00","29","1","5","1","57","0","0","0","0","0","4","0","0","0"
"","206325","Oleksandr Zinchenko","Arsenal","2","DEF","3.9","1.1","102","3.78","26.15","0.97","0","0","0.00","20","7","1","2","0","0","9","2","15","0","2","0","0","0"
"","61256","Casemiro","Manchester Utd","3","MID","3.8","0.3","102","3.64","26.84","0.96","0","0","0.00","27","1","2","3","91","0","0","0","0","0","8","0","0","0"
"","465920","Mykhailo Mudryk","Chelsea","3","MID","4.9","1.4","102","2.83","20.82","0.58","0","0","0.00","21","15","6","5","23","0","0","0","0","0","5","0","0","0"
"","177815","Dominic Calvert-Lewin","Everton","4","STR","4.9","0.4","102","2.91","20.82","0.59","0","0","0.00","29","6","7","3","0","0","0","0","0","0","3","1","0","0"
"","250199","Nicolas Dominguez","Nottingham Forest","3","MID","3.2","0.1","101","3.48","31.56","1.09","0","0","0.00","22","7","3","2","82","0","0","0","0","0","6","0","0","0"
"","244042","Rodrigo Muniz","Fulham","4","STR","3.4","1.6","101","3.61","29.71","1.06","0","0","0.00","20","8","9","3","0","0","0","0","0","0","1","0","0","0"
"","221466","Marcos Senesi","Bournemouth","2","DEF","2.8","2.8","100","2.94","35.71","1.05","0","0","0.00","29","5","4","5","0","0","7","2","46","0","14","0","0","0"
"","432714","James McAtee","Manchester City","3","MID","2.5","0.6","100","3.03","40.00","1.21","0","0","0.00","21","12","5","5","31","0","0","0","0","0","2","0","0","0"
"","221399","Jack Harrison","Everton","3","MID","3.8","0.1","100","3.13","26.32","0.82","0","0","0.00","28","4","4","3","39","0","0","0","0","0","2","0","0","0"
"","128295","Christian Norgaard","Brentford","3","MID","3.2","0.2","99","3.09","30.94","0.97","0","0","0.00","31","1","2","1","79","0","0","0","0","0","8","0","0","0"
"","179018","Miguel Almiron","Newcastle Utd","3","MID","3.8","0.3","99","2.75","26.05","0.72","0","0","0.00","24","12","3","3","45","0","0","0","0","0","3","0","0","0"
"","424876","Dominik Szoboszlai","Liverpool","3","MID","4.0","3.0","99","2.83","24.75","0.71","0","0","0.00","26","9","3","5","30","0","0","0","0","0","1","0","0","0"
"","449871","Amadou Onana","Aston Villa","3","MID","3.1","1.5","98","2.97","31.61","0.96","0","0","0.00","26","7","2","0","79","0","0","0","0","0","5","0","0","0"
"","88484","Pablo Sarabia","Wolverhampton","3","MID","3.4","0.1","98","2.88","28.82","0.85","0","0","0.00","23","11","4","7","24","0","0","0","0","0","7","0","0","0"
"","169528","Antonee Robinson","Fulham","2","DEF","2.7","3.5","97","2.49","35.93","0.92","0","0","0.00","38","1","0","6","0","0","9","1","62","2","6","0","0","0"
"","510362","Toti Gomes","Wolverhampton","2","DEF","2.6","1.3","97","2.43","37.31","0.93","0","0","0.00","36","4","1","4","0","0","6","1","53","0","7","0","0","0"
"","153682","Harry Wilson","Fulham","3","MID","2.9","0.3","97","2.62","33.45","0.90","0","0","0.00","18","19","4","8","21","0","0","0","0","0","6","0","0","0"
"","155408","Lewis Cook","Bournemouth","3","MID","2.8","0.1","97","2.69","34.64","0.96","0","0","0.00","35","1","0","3","66","0","0","0","0","0","6","1","0","0"
"","204968","Ryan Yates","Nottingham Forest","3","MID","2.4","0.5","97","2.49","40.42","1.04","0","0","0.00","25","14","1","3","70","0","0","0","0","0","8","0","0","0"
"","199798","Ezri Konsa","Aston Villa","2","DEF","3.3","8.0","96","2.59","29.09","0.79","0","0","0.00","37","0","1","1","0","0","9","1","54","0","6","0","0","0"
"","80146","Jordan Ayew","Crystal Palace","4","STR","3.7","0.1","96","2.74","25.95","0.74","0","0","0.00","30","5","4","7","0","0","0","0","0","0","7","1","0","0"
"","153133","Alex Iwobi","Fulham","3","MID","3.5","0.3","94","2.94","26.86","0.84","0","0","0.00","27","5","5","2","29","0","0","0","0","0","2","0","0","0"
"","96994","Bobby De Cordova-Reid","Leicester City","4","STR","3.2","0.2","94","2.69","29.38","0.84","0","0","0.00","19","16","7","3","0","0","0","0","0","0","4","0","0","0"
"","221632","Cristian Romero","Tottenham Hotspur","2","DEF","3.5","2.0","93","2.74","26.57","0.78","0","0","0.00","34","0","5","0","0","0","7","0","47","1","7","1","0","0"
"","80801","Idrissa Gueye","Everton","3","MID","3.1","0.1","93","3.72","30.00","1.20","0","0","0.00","24","1","4","0","73","0","0","0","0","0","8","0","0","0"
"","171287","Joe Gomez","Liverpool","2","DEF","3.9","0.9","92","2.56","23.59","0.66","0","0","0.00","21","15","0","2","0","0","7","3","22","0","6","0","0","0"
"","166989","Youri Tielemans","Aston Villa","3","MID","4.2","0.5","92","2.71","21.90","0.64","0","0","0.00","19","15","2","6","42","0","0","0","0","0","4","0","0","0"
"","247632","Pedro Neto","Wolverhampton","4","STR","3.5","0.4","92","3.83","26.29","1.10","0","0","0.00","19","5","3","13","0","0","0","0","0","0","5","0","0","0"
"","214048","Maximilian Kilman","West Ham Utd","2","DEF","3.1","2.1","91","2.12","29.35","0.68","0","0","0.00","43","0","2","1","0","0","7","0","71","0","8","0","0","0"
"","513046","Danilo","Nottingham Forest","3","MID","2.3","1.1","91","2.68","39.57","1.16","0","0","0.00","25","9","3","2","45","0","0","0","0","0","5","0","0","0"
"","50175","Danny Welbeck","B & H Albion","4","STR","3.4","0.1","91","2.84","26.76","0.84","0","0","0.00","21","11","6","4","0","0","0","0","0","0","4","0","0","0"
"","115382","Neal Maupay","Everton","4","STR","4.3","0.0","90","2.73","20.93","0.63","0","0","0.00","16","17","8","3","0","0","0","0","0","0","8","0","0","0"
"","482609","Malo Gusto","Chelsea","2","DEF","3.3","1.7","89","2.78","26.97","0.84","0","0","0.00","24","8","0","9","0","0","5","2","33","0","7","1","0","0"
"","213999","Edson Alvarez","West Ham Utd","3","MID","3.5","0.1","89","2.78","25.43","0.79","0","0","0.00","29","3","1","1","81","0","0","0","0","0","12","0","0","0"
"","482442","Pape Sarr","Tottenham Hotspur","3","MID","2.9","0.5","88","2.59","30.34","0.89","0","0","0.00","27","7","3","3","34","0","0","0","0","0","9","0","0","0"
"","535818","Simon Adingra","B & H Albion","4","STR","3.1","0.1","88","2.75","28.39","0.89","0","0","0.00","26","6","6","1","0","0","0","0","0","0","3","0","0","0"
"","448514","Rayan Ait-Nouri","Wolverhampton","2","DEF","2.9","1.9","86","2.39","29.66","0.82","0","0","0.00","31","5","3","4","0","0","3","2","46","0","8","0","0","0"
"","477580","Illia Zabarnyi","Bournemouth","2","DEF","2.6","0.5","86","2.15","33.08","0.83","0","0","0.00","39","1","1","0","0","0","9","0","68","0","5","0","0","0"
"","114243","Jacob Murphy","Newcastle Utd","3","MID","2.9","0.5","86","3.74","29.66","1.29","0","0","0.00","17","6","3","8","22","0","0","0","0","0","1","0","0","0"
"","248857","Noni Madueke","Chelsea","4","STR","3.6","0.2","86","2.97","23.89","0.82","0","0","0.00","17","12","6","4","0","0","0","0","0","0","2","0","0","0"
"","47431","Willian","Fulham","4","STR","3.7","0.1","85","2.58","22.97","0.70","0","0","0.00","24","9","4","3","0","0","0","0","0","0","1","0","0","0"
"","108413","Will Hughes","Crystal Palace","3","MID","2.9","0.1","84","2.71","28.97","0.93","0","0","0.00","24","7","0","2","69","0","0","0","0","0","6","0","0","0"
"","83299","Lewis Dunk","B & H Albion","2","DEF","3.5","1.6","83","2.31","23.71","0.66","0","0","0.00","35","1","4","1","0","0","5","0","56","0","7","1","0","0"
"","433979","Cameron Archer","Aston Villa","4","STR","2.9","0.1","82","2.56","28.28","0.88","0","0","0.00","23","9","4","3","0","0","0","0","0","0","2","0","0","0"
"","489639","Bart Verbruggen","B & H Albion","1","GK","3.0","0.8","81","3.52","27.00","1.17","0","0","0.00","23","0","0","0","0","70","4","0","32","0","3","0","0","0"
"","244954","Pau Torres","Aston Villa","2","DEF","3.4","1.0","81","2.79","23.82","0.82","0","0","0.00","27","2","2","0","0","0","6","0","37","0","1","0","0","0"
"","432830","Nathan Collins","Brentford","2","DEF","2.7","0.5","81","2.38","30.00","0.88","0","0","0.00","31","3","2","1","0","0","7","0","55","0","3","0","0","0"
"","487053","Destiny Udogie","Tottenham Hotspur","2","DEF","3.1","4.4","81","2.70","26.13","0.87","0","0","0.00","30","0","2","3","0","0","6","1","44","0","6","1","0","0"
"","199670","Odsonne Edouard","Crystal Palace","4","STR","4.0","0.1","81","2.61","20.25","0.65","0","0","0.00","18","13","7","0","0","0","0","0","0","0","4","0","0","0"
"","487117","Evan Ferguson","B & H Albion","4","STR","3.6","0.2","81","2.79","22.50","0.78","0","0","0.00","17","12","6","2","0","0","0","0","0","0","1","0","0","0"
"","54469","Adam Smith","Bournemouth","2","DEF","2.7","0.2","80","2.76","29.63","1.02","0","0","0.00","26","3","0","3","0","0","7","1","34","0","6","0","0","0"
"","168991","Philip Billing","Bournemouth","3","MID","3.2","0.1","80","2.67","25.00","0.83","0","0","0.00","15","15","2","5","40","0","0","0","0","0","4","1","0","0"
"","536916","Facundo Buonanotte","B & H Albion","3","MID","3.1","0.1","80","2.67","25.81","0.86","0","0","0.00","20","10","4","1","41","0","0","0","0","0","8","0","0","0"
"","18892","Ashley Young","Everton","2","DEF","2.5","0.5","79","2.55","31.60","1.02","0","0","0.00","27","4","0","1","0","0","8","2","34","1","5","1","0","0"
"","223723","Takehiro Tomiyasu","Arsenal","2","DEF","3.5","0.3","79","3.59","22.57","1.03","0","0","0.00","10","12","2","1","0","0","5","7","10","0","0","1","0","0"
"","205651","Gabriel Jesus","Arsenal","4","STR","6.0","2.4","79","2.93","13.17","0.49","0","0","0.00","17","10","4","7","0","0","0","0","0","0","6","0","0","0"
"","220362","Axel Disasi","Chelsea","2","DEF","3.8","0.4","78","2.11","20.53","0.55","0","0","0.00","34","3","2","0","0","0","7","1","56","2","6","0","0","0"
"","440854","Jakub Kiwior","Arsenal","2","DEF","3.4","0.2","78","3.71","22.94","1.09","0","0","0.00","12","9","1","3","0","0","6","4","9","1","1","0","0","0"
"","91651","Mateo Kovacic","Manchester City","3","MID","4.0","0.3","78","2.23","19.50","0.56","0","0","0.00","21","14","2","1","43","0","0","0","0","0","5","0","0","0"
"","200402","Nelson Semedo","Wolverhampton","2","DEF","3.2","0.3","77","1.93","24.06","0.60","0","0","0.00","40","0","1","2","0","0","6","1","66","0","11","1","0","0"
"","57531","Michail Antonio","West Ham Utd","4","STR","4.4","0.1","77","2.96","17.50","0.67","0","0","0.00","21","5","6","2","0","0","0","0","0","0","6","0","0","0"
"","82143","Wes Foderingham","West Ham Utd","1","GK","2.2","0.2","76","2.45","34.55","1.11","0","0","0.00","30","1","0","0","0","135","2","0","79","1","2","0","0","0"
"","101188","Lucas Digne","Aston Villa","2","DEF","3.4","0.5","76","2.30","22.35","0.68","0","0","0.00","27","6","1","4","0","0","5","1","41","0","7","0","0","0"
"","199796","Matty Cash","Aston Villa","2","DEF","3.5","0.7","76","2.38","21.71","0.68","0","0","0.00","26","6","3","2","0","0","4","3","39","1","9","0","0","0"
"","491279","Micky van de Ven","Tottenham Hotspur","2","DEF","3.4","4.4","76","2.71","22.35","0.80","0","0","0.00","28","0","3","0","0","0","5","1","39","0","5","0","0","0"
"","76357","Tom Cairney","Fulham","3","MID","2.9","0.1","76","2.11","26.21","0.73","0","0","0.00","14","22","1","6","29","0","0","0","0","1","3","0","0","0"
"","101982","Sam Johnstone","Crystal Palace","1","GK","2.9","0.8","75","3.57","25.86","1.23","0","0","0.00","21","0","0","0","0","45","6","0","28","0","1","0","0","0"
"","209036","Marc Guehi","Crystal Palace","2","DEF","3.3","6.5","75","2.78","22.73","0.84","0","0","0.00","25","2","0","1","0","0","7","1","33","0","2","0","0","0"
"","102057","Raul Jimenez","Fulham","4","STR","3.8","0.1","75","3.00","19.74","0.79","0","0","0.00","18","7","7","1","0","0","0","0","0","0","3","1","0","0"
"","95658","Harry Maguire","Manchester Utd","2","DEF","3.2","0.8","74","2.96","23.13","0.93","0","0","0.00","19","6","3","4","0","0","4","0","33","0","3","0","0","0"
"","86417","Jeffrey Schlupp","Crystal Palace","3","MID","3.1","0.1","74","2.39","23.87","0.77","0","0","0.00","19","12","2","2","34","0","0","0","0","0","1","0","0","0"
"","75115","Callum Wilson","Newcastle Utd","4","STR","5.0","0.3","74","3.70","14.80","0.74","0","0","0.00","9","11","9","1","0","0","0","0","0","0","3","0","0","0"
"","226956","Mads Roerslev","Brentford","2","DEF","2.6","0.2","73","2.03","28.08","0.78","0","0","0.00","24","12","1","2","0","0","4","3","43","0","2","0","0","0"
"","460028","Levi Colwill","Chelsea","2","DEF","3.1","0.8","73","2.92","23.55","0.94","0","0","0.00","21","4","1","1","0","0","6","0","26","0","2","0","0","0"
"","122798","Andy Robertson","Liverpool","2","DEF","5.0","4.4","72","2.88","14.40","0.58","0","0","0.00","19","6","3","2","0","0","3","0","24","0","2","0","0","0"
"","231065","Ethan Pinnock","Brentford","2","DEF","2.8","0.4","72","2.40","25.71","0.86","0","0","0.00","29","1","2","0","0","0","5","1","47","0","1","0","0","0"
"","152551","Jefferson Lerma","Crystal Palace","3","MID","3.0","0.1","72","2.40","24.00","0.80","0","0","0.00","29","1","1","1","43","0","0","0","0","0","9","0","0","0"
"","205533","Eddie Nketiah","Arsenal","4","STR","4.0","0.2","72","2.57","18.00","0.64","0","0","0.00","10","18","5","4","0","0","0","0","0","0","3","0","0","0"
"","210156","Taiwo Awoniyi","Nottingham Forest","4","STR","2.7","0.4","72","3.27","26.67","1.21","0","0","0.00","13","9","6","3","0","0","0","0","0","0","2","0","0","0"
"","224068","Matt Turner","Nottingham Forest","1","GK","3.0","0.1","71","3.55","23.67","1.18","0","0","0.00","20","0","0","0","0","68","3","0","30","0","1","0","0","0"
"","109646","Tosin Adarabioyo","Chelsea","2","DEF","3.2","0.4","71","3.38","22.19","1.06","0","0","0.00","19","2","2","0","0","0","7","0","25","0","2","0","0","0"
"","204716","Ibrahima Konate","Liverpool","2","DEF","3.9","0.7","71","2.84","18.21","0.73","0","0","0.00","19","6","0","0","0","0","7","1","20","0","3","1","0","0"
"","164555","Vladimir Coufal","West Ham Utd","2","DEF","3.2","0.2","71","1.87","22.19","0.58","0","0","0.00","38","0","0","7","0","0","4","0","72","0","5","1","0","0"
"","427623","Chris Richards","Crystal Palace","2","DEF","2.5","0.5","70","2.50","28.00","1.00","0","0","0.00","25","3","1","1","0","0","5","3","39","0","3","0","0","0"
"","98747","Nick Pope","Newcastle Utd","1","GK","4.0","3.8","69","4.60","17.25","1.15","0","0","0.00","15","0","0","0","0","42","6","0","16","0","1","0","0","0"
"","249231","Keane Lewis-Potter","Brentford","4","STR","2.6","0.1","69","2.16","26.54","0.83","0","0","0.00","17","15","3","2","0","0","0","0","0","0","1","0","0","0"
"","60232","Craig Dawson","Wolverhampton","2","DEF","2.7","0.2","68","2.52","25.19","0.93","0","0","0.00","26","1","1","1","0","0","6","1","38","0","7","0","0","0"
"","109533","Emerson","West Ham Utd","2","DEF","2.4","1.2","68","1.79","28.33","0.75","0","0","0.00","37","1","1","4","0","0","5","0","69","1","10","0","0","0"
"","227127","Yves Bissouma","Tottenham Hotspur","3","MID","3.0","0.2","68","2.43","22.67","0.81","0","0","0.00","26","2","0","0","75","0","0","0","0","0","8","2","0","0"
"","451340","Kaoru Mitoma","B & H Albion","3","MID","3.6","1.8","68","3.58","18.89","0.99","0","0","0.00","15","4","3","7","12","0","0","0","0","0","4","0","0","0"
"","158983","Wataru Endo","Liverpool","3","MID","3.0","0.3","67","2.23","22.33","0.74","0","0","0.00","21","9","1","0","53","0","0","0","0","0","10","0","0","0"
"","57328","Nathaniel Clyne","Crystal Palace","2","DEF","2.6","0.2","66","3.14","25.38","1.21","0","0","0.00","16","5","0","1","0","0","6","1","17","0","0","0","0","0"
"","87835","Matt Doherty","Wolverhampton","2","DEF","3.1","0.1","66","1.89","21.29","0.61","0","0","0.00","13","22","1","1","0","0","3","3","26","0","2","0","0","0"
"","243568","Billy Gilmour","B & H Albion","3","MID","2.6","0.3","66","2.06","25.38","0.79","0","0","0.00","26","6","0","4","27","0","0","0","0","0","8","1","0","0"
"","467169","Antony","Manchester Utd","4","STR","4.3","0.1","66","2.06","15.35","0.48","0","0","0.00","17","15","3","2","0","0","0","0","0","0","5","0","0","0"
"","88248","Stefan Ortega","Manchester City","1","GK","3.8","1.2","65","4.33","17.11","1.14","0","0","0.00","11","4","0","0","0","36","5","2","11","0","0","0","0","0"
"","172649","Dean Henderson","Crystal Palace","1","GK","2.8","3.1","65","3.42","23.21","1.22","0","0","0.00","19","0","0","0","0","60","5","0","30","2","2","0","0","0"
"","224995","Luis Sinisterra","Bournemouth","3","MID","3.0","0.1","65","2.83","21.67","0.94","0","0","0.00","10","13","3","3","28","0","0","0","0","0","0","0","0","0"
"","184667","Victor Lindelof","Manchester Utd","2","DEF","3.6","0.3","64","2.91","17.78","0.81","0","0","0.00","16","6","1","1","0","0","5","2","19","0","3","0","0","0"
"","469142","Jan Paul van Hecke","B & H Albion","2","DEF","2.8","0.5","64","2.06","22.86","0.74","0","0","0.00","29","2","0","2","0","0","5","0","43","1","5","0","0","0"
"","492777","Conor Bradley","Liverpool","2","DEF","3.3","1.3","64","4.27","19.39","1.29","0","0","0.00","12","3","1","7","0","0","3","2","12","1","2","0","0","0"
"","215059","Robert Sanchez","Chelsea","1","GK","3.4","1.1","63","3.50","18.53","1.03","0","0","0.00","18","0","0","0","0","54","3","0","29","0","1","0","0","1"
"","103192","Kurt Zouma","West Ham Utd","2","DEF","3.1","0.3","63","1.80","20.32","0.58","0","0","0.00","34","1","3","0","0","0","3","0","65","0","3","0","0","0"
"","191866","Kristoffer Ajer","Brentford","2","DEF","2.4","0.4","63","2.17","26.25","0.91","0","0","0.00","22","7","2","1","0","0","3","3","34","0","5","0","0","0"
"","106468","Alex Moreno","Aston Villa","2","DEF","2.9","0.2","63","2.74","21.72","0.94","0","0","0.00","14","9","2","0","0","0","5","3","23","1","2","0","0","0"
"","180974","Joelinton","Newcastle Utd","3","MID","3.5","0.5","63","3.00","18.00","0.86","0","0","0.00","16","5","2","2","36","0","0","0","0","0","6","0","0","0"
"","503139","Alex Scott","Bournemouth","3","MID","2.5","0.2","63","2.42","25.20","0.97","0","0","0.00","14","12","2","3","34","0","0","0","0","0","5","0","0","0"
"","547719","Lewis Miley","Newcastle Utd","3","MID","2.7","0.1","63","3.00","23.33","1.11","0","0","0.00","15","6","1","3","39","0","0","0","0","0","1","0","0","0"
"","37642","Jonny Evans","Manchester Utd","2","DEF","2.5","0.2","62","2.30","24.80","0.92","0","0","0.00","16","11","0","1","0","0","5","2","25","0","2","0","0","0"
"","232892","Calvin Bassey","Fulham","2","DEF","2.8","0.2","62","2.14","22.14","0.76","0","0","0.00","25","4","1","0","0","0","6","1","42","0","4","1","0","0"
"","441428","Jarell Quansah","Liverpool","2","DEF","3.1","1.1","62","2.95","20.00","0.95","0","0","0.00","17","4","2","0","0","0","4","2","21","0","1","0","0","0"
"","199249","Sergio Reguilon","Tottenham Hotspur","2","DEF","3.4","0.1","62","2.48","18.24","0.73","0","0","0.00","18","7","0","6","0","0","5","1","30","0","7","1","0","0"
"","220394","Tommy Doyle","Wolverhampton","3","MID","2.5","0.1","62","2.00","24.80","0.80","0","0","0.00","16","15","1","0","36","0","0","0","0","0","2","0","0","0"
"","220237","Sven Botman","Newcastle Utd","2","DEF","3.5","0.6","61","3.05","17.43","0.87","0","0","0.00","18","2","2","3","0","0","5","1","31","1","2","0","0","0"
"","201666","Harvey Barnes","Newcastle Utd","3","MID","4.4","0.9","61","2.77","13.86","0.63","0","0","0.00","7","15","5","3","6","0","0","0","0","0","3","0","0","0"
"","204814","Ben Brereton Diaz","Southampton","4","STR","2.8","0.2","61","3.81","21.79","1.36","0","0","0.00","15","1","6","1","0","0","0","0","0","0","3","0","0","0"
"","575476","Murillo","Nottingham Forest","2","DEF","2.3","1.8","60","1.67","26.09","0.72","0","0","0.00","36","0","0","2","0","0","4","0","61","1","6","0","0","0"
"","226944","Boubacar Kamara","Aston Villa","3","MID","3.0","0.0","60","2.61","20.00","0.87","0","0","0.00","23","0","0","1","55","0","0","0","0","0","7","1","0","0"
"","97299","John Stones","Manchester City","2","DEF","4.6","2.2","59","3.11","12.83","0.68","0","0","0.00","15","4","1","1","0","0","4","1","13","0","2","0","0","0"
"","165659","Diego Carlos","Aston Villa","2","DEF","3.0","0.2","59","2.03","19.67","0.68","0","0","0.00","21","8","0","0","0","0","6","2","39","0","5","0","0","0"
"","204214","Pervis Estupinan","B & H Albion","2","DEF","3.4","0.4","59","2.68","17.35","0.79","0","0","0.00","18","4","3","3","0","0","3","1","31","1","4","0","0","0"
"","544877","Milos Kerkez","Bournemouth","2","DEF","2.5","0.3","59","1.97","23.60","0.79","0","0","0.00","23","7","0","2","0","0","5","2","38","1","4","1","0","0"
"","206915","Curtis Jones","Liverpool","3","MID","3.5","0.2","59","2.36","16.86","0.67","0","0","0.00","16","9","2","2","30","0","0","0","0","0","3","1","0","0"
"","55494","Joel Ward","Crystal Palace","2","DEF","2.8","0.1","58","2.23","20.71","0.80","0","0","0.00","23","3","0","1","0","0","5","2","34","1","4","0","0","0"
"","477064","Rico Lewis","Manchester City","2","DEF","3.5","0.3","58","3.41","16.57","0.97","0","0","0.00","9","8","2","1","0","0","3","3","9","0","1","0","0","0"
"","496221","Adam Wharton","Crystal Palace","3","MID","3.0","1.6","58","3.63","19.33","1.21","0","0","0.00","15","1","0","3","48","0","0","0","0","0","2","0","0","0"
"","231057","Jean-Ricner Bellegarde","Wolverhampton","3","MID","2.6","0.1","58","2.23","22.31","0.86","0","0","0.00","14","12","2","2","18","0","0","0","0","0","0","1","0","0"
"","214285","Kostas Tsimikas","Liverpool","2","DEF","3.0","0.2","57","3.80","19.00","1.27","0","0","0.00","9","6","0","3","0","0","5","1","9","0","0","0","0","0"
"","212314","Sasa Lukic","Fulham","3","MID","2.6","0.1","57","2.28","21.92","0.88","0","0","0.00","15","10","1","0","40","0","0","0","0","0","3","0","0","0"
"","441266","Ryan Gravenberch","Liverpool","3","MID","3.4","0.1","57","2.19","16.76","0.64","0","0","0.00","13","13","2","0","30","0","0","0","0","0","1","0","0","0"
"","144485","Ivan Toney","Brentford","4","STR","5.2","3.9","57","3.35","10.96","0.64","0","0","0.00","16","1","4","3","0","0","0","0","0","0","5","0","0","0"
"","486385","Beto","Everton","4","STR","3.7","0.0","57","1.73","15.41","0.47","0","0","0.00","10","23","3","1","0","0","0","0","0","0","2","0","1","0"
"","441191","Tino Livramento","Newcastle Utd","2","DEF","2.9","1.7","56","2.00","19.31","0.69","0","0","0.00","12","16","1","0","0","0","2","8","27","0","1","0","0","0"
"","114241","Harry Toffolo","Nottingham Forest","2","DEF","2.5","0.1","55","1.96","22.00","0.79","0","0","0.00","18","10","1","3","0","0","2","1","33","0","3","0","0","0"
"","235530","Lloyd Kelly","Newcastle Utd","2","DEF","2.6","0.3","55","2.29","21.15","0.88","0","0","0.00","18","6","1","1","0","0","4","2","32","0","2","0","0","0"
"","153366","Harrison Reed","Fulham","3","MID","2.8","0.1","55","1.90","19.64","0.68","0","0","0.00","17","12","0","2","30","0","0","0","0","0","6","0","0","0"
"","440089","Mikkel Damsgaard","Brentford","3","MID","3.7","0.1","55","2.20","14.86","0.59","0","0","0.00","9","16","0","4","35","0","0","0","0","0","3","0","0","0"
"","214590","Aaron Wan-Bissaka","Manchester Utd","2","DEF","3.9","0.4","54","2.08","13.85","0.53","0","0","0.00","24","2","0","2","0","0","4","1","40","0","4","0","0","0"
"","247348","Daniel Munoz","Crystal Palace","2","DEF","2.7","9.0","54","3.38","20.00","1.25","0","0","0.00","16","0","0","4","0","0","5","0","22","0","4","0","0","0"
"","535301","Carlos Baleba","B & H Albion","3","MID","2.5","0.1","53","1.77","21.20","0.71","0","0","0.00","15","15","0","0","40","0","0","0","0","0","7","0","0","0"
"","101148","Jamaal Lascelles","Newcastle Utd","2","DEF","2.8","0.2","52","2.74","18.57","0.98","0","0","0.00","15","4","1","0","0","0","5","1","18","0","6","0","0","0"
"","114283","Jack Grealish","Manchester City","3","MID","4.7","1.1","52","2.26","11.06","0.48","0","0","0.00","13","10","3","1","14","0","0","0","0","0","6","0","0","0"
"","533463","Dango Ouattara","Bournemouth","4","STR","3.1","0.0","52","1.68","16.77","0.54","0","0","0.00","13","18","1","2","0","0","0","0","0","0","3","0","0","0"
"","428580","Frank Onyeka","Brentford","3","MID","3.1","0.0","51","1.96","16.45","0.63","0","0","0.00","11","15","1","2","33","0","0","0","0","0","8","0","0","0"
"","476344","Jhon Duran","Aston Villa","4","STR","3.0","0.1","51","2.22","17.00","0.74","0","0","0.00","4","19","5","1","0","0","0","0","0","0","5","0","0","0"
"","232917","Arijanet Muric","Ipswich Town","1","GK","2.5","0.2","50","4.55","20.00","1.82","0","0","0.00","11","0","0","0","0","70","0","0","17","1","0","0","0","1"
"","80607","Christian Eriksen","Manchester Utd","3","MID","3.9","0.2","50","2.08","12.82","0.53","0","0","0.00","12","12","1","2","19","0","0","0","0","0","1","0","0","0"
"","85955","Jorginho","Arsenal","3","MID","3.7","0.2","50","2.08","13.51","0.56","0","0","0.00","11","13","0","2","28","0","0","0","0","0","1","0","0","0"
"","132015","Pierre-Emile Hojbjerg","Tottenham Hotspur","3","MID","3.6","0.1","50","1.39","13.89","0.39","0","0","0.00","9","27","0","0","33","0","0","0","0","1","4","0","0","0"
"","111478","Joel Veltman","B & H Albion","2","DEF","3.2","0.1","49","1.81","15.31","0.57","0","0","0.00","17","10","1","1","0","0","3","0","32","0","4","0","0","0"
"","219924","Issa Diop","Fulham","2","DEF","3.0","0.1","49","2.45","16.33","0.82","0","0","0.00","18","2","0","0","0","0","6","0","27","0","2","1","0","0"
"","200826","Giovani Lo Celso","Tottenham Hotspur","3","MID","2.7","0.1","49","2.13","18.15","0.79","0","0","0.00","5","18","2","2","23","0","0","0","0","0","2","0","0","0"
"","179268","Marc Cucurella","Chelsea","2","DEF","3.4","2.2","48","2.09","14.12","0.61","0","0","0.00","22","1","1","3","0","0","4","0","36","1","10","0","0","0"
"","202993","Rodrigo Bentancur","Tottenham Hotspur","3","MID","3.5","0.1","48","1.92","13.71","0.55","0","0","0.00","15","10","1","1","26","0","0","0","0","0","7","0","0","0"
"","200720","Caoimhin Kelleher","Liverpool","1","GK","3.1","0.1","47","3.92","15.16","1.26","0","0","0.00","12","0","0","0","0","38","3","0","15","0","1","0","0","0"
"","520295","David Datro Fofana","Chelsea","4","STR","3.0","0.0","47","3.13","15.67","1.04","0","0","0.00","10","5","4","1","0","0","0","0","0","0","1","0","0","0"
"","49262","Jason Steele","B & H Albion","1","GK","2.9","0.1","46","2.56","15.86","0.88","0","0","0.00","18","0","0","0","0","44","2","0","35","0","0","0","0","0"
"","90585","Willy-Arnaud Boly","Nottingham Forest","2","DEF","2.9","0.2","46","2.30","15.86","0.79","0","0","0.00","18","2","2","1","0","0","2","0","26","0","1","1","0","0"
"","243571","Nathan Patterson","Everton","2","DEF","2.7","0.1","46","2.09","17.04","0.77","0","0","0.00","11","11","0","2","0","0","3","4","23","0","4","0","0","0"
"","165153","Timo Werner","Tottenham Hotspur","4","STR","4.8","0.2","46","3.29","9.58","0.68","0","0","0.00","11","3","2","4","0","0","0","0","0","0","1","0","0","0"
"","440323","Armando Broja","Chelsea","4","STR","3.7","0.0","46","2.00","12.43","0.54","0","0","0.00","7","16","2","2","0","0","0","0","0","0","0","0","0","0"
"","103914","Charlie Taylor","Southampton","2","DEF","2.4","0.2","45","1.55","18.75","0.65","0","0","0.00","26","3","1","1","0","0","2","0","46","0","8","0","0","0"
"","115556","Ben Davies","Tottenham Hotspur","2","DEF","3.0","0.1","45","2.50","15.00","0.83","0","0","0.00","13","5","1","2","0","0","2","3","21","0","2","0","0","0"
"","215136","Neco Williams","Nottingham Forest","2","DEF","2.5","0.3","45","1.45","18.00","0.58","0","0","0.00","20","11","0","1","0","0","1","2","36","0","4","0","0","0"
"","223434","Igor Julio","B & H Albion","2","DEF","2.7","0.1","43","1.65","15.93","0.61","0","0","0.00","19","7","0","0","0","0","2","2","29","0","5","0","0","0"
"","215379","Elliot Anderson","Nottingham Forest","3","MID","2.8","0.3","43","1.87","15.36","0.67","0","0","0.00","10","13","0","2","26","0","0","0","0","0","3","0","0","0"
"","476502","Boubacar Traore","Wolverhampton","3","MID","2.4","0.1","42","1.68","17.50","0.70","0","0","0.00","7","18","0","0","36","0","0","0","0","0","4","0","0","0"
"","532529","Jack Hinshelwood","B & H Albion","3","MID","2.1","0.6","42","3.00","20.00","1.43","0","0","0.00","10","4","3","0","14","0","0","0","0","0","1","0","0","0"
"","233963","Konstantinos Mavropanos","West Ham Utd","2","DEF","2.8","0.1","41","1.95","14.64","0.70","0","0","0.00","18","3","1","0","0","0","3","1","28","2","2","0","0","0"
"","487838","Lewis Hall","Newcastle Utd","2","DEF","2.7","0.8","41","2.16","15.19","0.80","0","0","0.00","8","11","1","0","0","0","1","3","12","0","2","0","0","0"
"","39155","Adam Lallana","Southampton","3","MID","2.7","0.2","41","1.52","15.19","0.56","0","0","0.00","13","14","0","1","9","0","0","0","0","0","2","0","0","0"
"","232653","Jacob Ramsey","Aston Villa","3","MID","3.4","0.2","41","2.28","12.06","0.67","0","0","0.00","9","9","1","2","20","0","0","0","0","0","2","0","0","0"
"","180736","Trevoh Chalobah","Chelsea","2","DEF","3.2","0.1","40","2.50","12.50","0.78","0","0","0.00","13","3","1","0","0","0","3","0","19","0","2","0","0","0"
"","477555","Oscar Bobb","Manchester City","3","MID","3.0","0.6","40","2.11","13.33","0.70","0","0","0.00","4","15","1","3","11","0","0","0","0","0","0","0","0","0"
"","210462","Ibrahim Sangare","Nottingham Forest","3","MID","3.0","0.0","40","2.35","13.33","0.78","0","0","0.00","13","4","0","0","41","0","0","0","0","0","6","0","0","0"
"","168636","Enes Unal","Bournemouth","4","STR","3.4","0.0","40","2.35","11.76","0.69","0","0","0.00","3","14","2","4","0","0","0","0","0","0","2","0","0","0"
"","85633","Matz Sels","Nottingham Forest","1","GK","3.2","0.3","39","2.44","12.19","0.76","0","0","0.00","16","0","0","0","0","37","1","0","27","0","1","0","0","0"
"","106760","Luke Shaw","Manchester Utd","2","DEF","4.3","2.4","39","3.00","9.07","0.70","0","0","0.00","13","0","0","2","0","0","4","0","15","0","6","0","0","0"
"","242880","Benoit Badiashile","Chelsea","2","DEF","3.2","0.1","39","2.05","12.19","0.64","0","0","0.00","17","2","0","1","0","0","4","0","31","1","2","0","0","0"
"","465351","Matheus Nunes","Manchester City","3","MID","3.5","0.1","39","1.86","11.14","0.53","0","0","0.00","10","11","0","2","17","0","0","0","0","0","0","1","0","0"
"","508395","Yehor Yarmoliuk","Brentford","3","MID","2.2","0.2","39","1.34","17.73","0.61","0","0","0.00","6","23","0","0","21","0","0","0","0","0","2","0","0","0"
"","159506","Ola Aina","Nottingham Forest","2","DEF","2.4","0.3","38","1.73","15.83","0.72","0","0","0.00","20","2","1","1","0","0","2","0","39","0","3","0","0","0"
"","109345","Solly March","B & H Albion","3","MID","3.5","0.2","38","5.43","10.86","1.55","0","0","0.00","7","0","3","1","18","0","0","0","0","0","1","0","0","0"
"","59949","Seamus Coleman","Everton","2","DEF","2.9","0.1","37","2.85","12.76","0.98","0","0","0.00","8","5","0","0","0","0","5","0","10","1","0","0","0","0"
"","172850","Ben Chilwell","Chelsea","2","DEF","4.6","1.4","37","2.06","8.04","0.45","0","0","0.00","10","8","0","2","0","0","1","4","15","0","5","0","0","0"
"","232792","Tariq Lamptey","B & H Albion","2","DEF","3.0","0.2","37","1.85","12.33","0.62","0","0","0.00","10","10","0","3","0","0","0","4","20","0","3","0","0","0"
"","490721","Hugo Bueno","Wolverhampton","2","DEF","2.5","0.1","37","1.54","14.80","0.62","0","0","0.00","7","17","1","0","0","0","2","1","18","1","1","0","0","0"
"","82514","Tim Ream","Fulham","2","DEF","2.6","0.1","36","1.89","13.85","0.73","0","0","0.00","18","1","1","0","0","0","3","1","33","0","2","1","0","0"
"","111773","Emil Krafth","Newcastle Utd","2","DEF","2.6","0.1","36","1.89","13.85","0.73","0","0","0.00","8","11","0","0","0","0","3","1","15","0","2","0","0","0"
"","167074","Kenny Tete","Fulham","2","DEF","2.6","0.1","36","2.25","13.85","0.87","0","0","0.00","12","4","1","0","0","0","3","1","23","0","2","0","0","0"
"","84939","Danny Ings","West Ham Utd","4","STR","4.6","0.1","36","1.71","7.83","0.37","0","0","0.00","4","17","1","2","0","0","0","0","0","0","1","0","0","0"
"","244850","Morgan Rogers","Aston Villa","4","STR","2.9","1.0","36","3.00","12.41","1.03","0","0","0.00","9","3","3","1","0","0","0","0","0","0","3","0","0","0"
"","229600","Mark Travers","Bournemouth","1","GK","2.3","0.0","35","5.00","15.22","2.17","0","0","0.00","7","0","0","0","0","22","3","0","8","0","0","0","0","0"
"","241157","Emerson","Tottenham Hotspur","2","DEF","3.0","0.1","35","1.59","11.67","0.53","0","0","0.00","12","10","1","0","0","0","1","5","31","0","4","0","0","0"
"","15157","James Milner","B & H Albion","3","MID","3.0","0.0","35","2.33","11.67","0.78","0","0","0.00","11","4","0","2","20","0","0","0","0","0","3","0","0","0"
"","159533","Adama Traore","Fulham","4","STR","3.6","0.0","35","2.06","9.72","0.57","0","0","0.00","1","16","2","3","0","0","0","0","0","0","2","0","0","0"
"","438464","Cheick Doucoure","Crystal Palace","3","MID","3.0","0.1","34","3.09","11.33","1.03","0","0","0.00","11","0","0","0","33","0","0","0","0","0","2","0","0","0"
"","37096","Lukasz Fabianski","West Ham Utd","1","GK","2.8","0.1","32","2.67","11.43","0.95","0","0","0.00","9","3","0","0","0","41","1","0","23","0","0","0","0","0"
"","184341","Mason Mount","Manchester Utd","3","MID","4.7","1.0","32","2.00","6.81","0.43","0","0","0.00","5","11","1","0","22","0","0","0","0","0","2","0","0","0"
"","51927","Ben Mee","Brentford","2","DEF","3.0","0.2","31","1.82","10.33","0.61","0","0","0.00","16","1","2","1","0","0","1","0","31","0","1","1","0","0"
"","209042","Oliver Skipp","Tottenham Hotspur","3","MID","2.4","0.1","31","1.35","12.92","0.56","0","0","0.00","6","17","0","0","18","0","0","0","0","0","3","0","0","0"
"","476369","Issa Kabore","Manchester City","2","DEF","2.2","0.5","30","1.25","13.64","0.57","0","0","0.00","21","3","0","3","0","0","0","1","39","1","7","0","0","0"
"","513418","Kevin Schade","Brentford","3","MID","2.7","0.1","30","2.73","11.11","1.01","0","0","0.00","3","8","2","2","4","0","0","0","0","0","0","0","0","0"
"","232980","Max Aarons","Bournemouth","2","DEF","2.6","0.1","29","1.38","11.15","0.53","0","0","0.00","14","7","0","1","0","0","2","2","36","0","2","0","0","0"
"","243505","Jakub Moder","B & H Albion","3","MID","2.6","0.1","29","1.53","11.15","0.59","0","0","0.00","8","11","0","0","19","0","0","0","0","0","2","0","0","0"
"","213198","Christopher Nkunku","Chelsea","4","STR","5.6","2.5","29","2.42","5.18","0.43","0","0","0.00","2","10","3","0","0","0","0","0","0","0","0","0","0","0"
"","110735","Adam Webster","B & H Albion","2","DEF","3.1","0.1","28","1.65","9.03","0.53","0","0","0.00","14","3","0","0","0","0","2","2","25","1","2","0","0","0"
"","210494","Nayef Aguerd","West Ham Utd","2","DEF","2.8","0.1","28","1.33","10.00","0.48","0","0","0.00","21","0","1","0","0","0","2","0","44","0","1","1","0","0"
"","200089","Joe Willock","Newcastle Utd","3","MID","3.3","0.1","27","2.45","8.18","0.74","0","0","0.00","7","4","1","0","13","0","0","0","0","0","0","0","0","0"
"","225321","Aaron Ramsdale","Arsenal","1","GK","4.0","1.1","25","3.57","6.25","0.89","0","0","0.00","7","0","0","0","0","11","2","0","7","0","0","0","0","0"
"","48760","Mathias Jorgensen","Brentford","2","DEF","2.5","0.1","25","1.56","10.00","0.63","0","0","0.00","13","3","1","0","0","0","2","0","27","0","4","0","0","0"
"","466404","Andrew Omobamidele","Nottingham Forest","2","DEF","2.4","0.1","25","1.79","10.42","0.74","0","0","0.00","11","3","1","0","0","0","1","1","18","1","2","0","0","0"
"","167199","Thomas Partey","Arsenal","3","MID","3.4","0.2","25","1.79","7.35","0.53","0","0","0.00","9","5","0","0","14","0","0","0","0","0","3","0","0","0"
"","478912","Carney Chukwuemeka","Chelsea","3","MID","2.1","0.5","25","2.27","11.90","1.08","0","0","0.00","2","9","2","1","7","0","0","0","0","0","2","0","0","0"
"","438098","Fabio Vieira","Arsenal","3","MID","3.3","0.1","24","2.18","7.27","0.66","0","0","0.00","2","9","1","3","3","0","0","0","0","0","0","1","0","0"
"","245824","Carlos Vinicius","Fulham","4","STR","3.3","0.0","24","1.71","7.27","0.52","0","0","0.00","2","12","2","0","0","0","0","0","0","0","2","0","0","0"
"","493250","Amad Diallo","Manchester Utd","4","STR","3.0","0.6","24","2.00","8.00","0.67","0","0","0.00","3","9","2","1","0","0","0","0","0","0","1","1","0","0"
"","221820","Lisandro Martinez","Manchester Utd","2","DEF","3.8","1.7","23","1.77","6.05","0.47","0","0","0.00","10","3","0","1","0","0","1","2","14","1","3","0","0","0"
"","209289","Emile Smith Rowe","Arsenal","3","MID","3.0","5.4","23","1.64","7.67","0.55","0","0","0.00","3","11","0","2","4","0","0","0","0","0","0","0","0","0"
"","231480","Santiago Bueno","Wolverhampton","2","DEF","2.6","0.1","22","1.38","8.46","0.53","0","0","0.00","13","3","0","0","0","0","1","0","24","0","2","0","0","0"
"","151589","Leander Dendoncker","Aston Villa","3","MID","3.0","0.0","22","2.75","7.33","0.92","0","0","0.00","2","6","1","1","7","0","0","0","0","0","0","0","0","0"
"","466117","Naouirou Ahamada","Crystal Palace","3","MID","2.8","0.1","22","1.00","7.86","0.36","0","0","0.00","0","22","0","0","16","0","0","0","0","0","2","1","0","0"
"","429414","Sasa Kalajdzic","Wolverhampton","4","STR","3.4","0.0","22","2.00","6.47","0.59","0","0","0.00","1","10","2","0","0","0","0","0","0","0","0","0","0","0"
"","474120","Julio Enciso","B & H Albion","4","STR","2.8","0.1","22","1.69","7.86","0.60","0","0","0.00","5","8","0","2","0","0","0","0","0","0","2","0","0","0"
"","536694","Matheus Franca","Crystal Palace","3","MID","2.6","0.1","20","1.67","7.69","0.64","0","0","0.00","2","10","0","2","4","0","0","0","0","0","1","0","0","0"
"","222018","Ben Johnson","Ipswich Town","2","DEF","2.6","0.2","19","1.19","7.31","0.46","0","0","0.00","4","12","0","0","0","0","1","1","16","0","1","0","0","0"
"","222627","Joao Virginia","Everton","1","GK","2.5","0.0","18","6.00","7.20","2.40","0","0","0.00","3","0","0","0","0","10","2","0","2","0","1","0","0","0"
"","472713","Aaron Hickey","Brentford","2","DEF","2.6","0.1","18","2.00","6.92","0.77","0","0","0.00","9","0","0","0","0","0","2","0","12","0","5","0","0","0"
"","503714","Lesley Ugochukwu","Chelsea","3","MID","2.2","0.1","18","1.64","8.18","0.74","0","0","0.00","3","8","0","0","14","0","0","0","0","0","2","0","0","0"
"","461421","Lewis Dobbin","Aston Villa","4","STR","2.7","0.0","18","1.38","6.67","0.51","0","0","0.00","1","12","1","0","0","0","0","0","0","0","1","0","0","0"
"","168090","Mahmoud Dahoud","B & H Albion","3","MID","2.9","0.0","17","1.89","5.86","0.65","0","0","0.00","6","3","0","1","9","0","0","0","0","0","1","1","0","0"
"","432422","Sandro Tonali","Newcastle Utd","3","MID","3.7","0.3","17","2.13","4.59","0.57","0","0","0.00","5","3","1","0","7","0","0","0","0","0","2","0","0","0"
"","200641","Reiss Nelson","Arsenal","4","STR","2.6","0.1","17","1.13","6.54","0.44","0","0","0.00","2","13","0","0","0","0","0","0","0","0","1","0","0","0"
"","106611","Michael Keane","Everton","2","DEF","2.8","0.1","16","1.78","5.71","0.63","0","0","0.00","4","5","1","0","0","0","1","1","13","0","2","0","0","0"
"","493125","Radu Dragusin","Tottenham Hotspur","2","DEF","3.5","0.2","16","1.78","4.57","0.51","0","0","0.00","4","5","0","0","0","0","1","1","7","0","1","0","0","0"
"","149519","Maxwel Cornet","West Ham Utd","3","MID","3.5","0.0","16","1.78","4.57","0.51","0","0","0.00","2","7","1","0","4","0","0","0","0","0","0","0","0","0"
"","491012","Youssef Chermiti","Everton","4","STR","2.9","0.0","16","0.84","5.52","0.29","0","0","0.00","1","18","0","0","0","0","0","0","0","0","4","0","0","0"
"","111782","Robin Olsen","Aston Villa","1","GK","2.5","0.0","15","3.00","6.00","1.20","0","0","0.00","4","1","0","0","0","21","0","0","13","0","0","0","0","1"
"","194010","Rico Henry","Brentford","2","DEF","3.0","0.3","15","3.00","5.00","1.00","0","0","0.00","5","0","0","1","0","0","1","0","5","0","1","0","0","0"
"","223911","Chris Mepham","Bournemouth","2","DEF","2.5","0.1","15","1.36","6.00","0.55","0","0","0.00","7","4","0","1","0","0","1","0","18","0","2","0","0","0"
"","488404","Facundo Pellistri","Manchester Utd","3","MID","2.9","0.0","15","1.50","5.17","0.52","0","0","0.00","1","9","0","1","4","0","0","0","0","0","0","0","0","0"
"","531363","Nathan Fraser","Wolverhampton","4","STR","2.1","0.1","15","1.67","7.14","0.79","0","0","0.00","2","7","1","0","0","0","0","0","0","0","1","0","0","0"
"","436680","Jakub Stolarczyk","Leicester City","1","GK","2.2","0.2","14","7.00","6.36","3.18","0","0","0.00","2","0","0","0","0","7","1","0","4","0","0","0","0","1"
"","463981","James Hill","Bournemouth","2","DEF","2.2","0.3","14","2.80","6.36","1.27","0","0","0.00","2","3","0","0","0","0","0","3","1","0","0","0","0","0"
"","531989","David Ozoh","Crystal Palace","3","MID","2.5","0.0","14","1.27","5.60","0.51","0","0","0.00","0","11","0","0","9","0","0","0","0","0","1","0","0","0"
"","155405","Kalvin Phillips","Manchester City","3","MID","3.1","0.1","13","1.08","4.19","0.35","0","0","0.00","3","9","0","0","13","0","0","0","0","0","1","1","0","0"
"","235674","Manor Solomon","Tottenham Hotspur","3","MID","3.3","0.0","13","2.60","3.94","0.79","0","0","0.00","2","3","0","2","3","0","0","0","0","0","1","0","0","0"
"","491970","Bobby Clark","Liverpool","3","MID","2.5","0.1","13","1.63","5.20","0.65","0","0","0.00","2","6","0","1","3","0","0","0","0","0","1","0","0","0"
"","436234","Bryan Gil","Tottenham Hotspur","4","STR","3.0","0.1","13","1.08","4.33","0.36","0","0","0.00","2","10","0","0","0","0","0","0","0","0","1","0","0","0"
"","111452","Odysseas Vlachodimos","Newcastle Utd","1","GK","3.1","0.0","12","1.71","3.87","0.55","0","0","0.00","7","0","0","0","0","11","1","0","16","0","0","0","0","0"
"","208912","Joe Worrall","Nottingham Forest","2","DEF","2.3","0.1","12","1.33","5.22","0.58","0","0","0.00","6","3","0","0","0","0","1","0","11","0","0","1","0","0"
"","441302","Ian Maatsen","Aston Villa","2","DEF","3.0","3.3","12","1.00","4.00","0.33","0","0","0.00","1","11","0","0","0","0","0","4","5","0","1","0","0","0"
"","465527","Hannibal Mejbri","Manchester Utd","3","MID","2.7","0.1","12","2.00","4.44","0.74","0","0","0.00","1","5","1","0","3","0","0","0","0","0","1","0","0","0"
"","490094","Tim Iroegbunam","Everton","3","MID","2.5","0.1","12","1.20","4.80","0.48","0","0","0.00","1","9","0","0","6","0","0","0","0","0","0","0","0","0"
"","505187","Cesare Casadei","Chelsea","3","MID","2.2","0.1","12","1.20","5.45","0.55","0","0","0.00","0","10","0","0","5","0","0","0","0","0","0","0","0","0"
"","536908","Alejo Veliz","Tottenham Hotspur","4","STR","2.8","0.0","12","1.50","4.29","0.54","0","0","0.00","0","8","1","0","0","0","0","0","0","0","1","0","0","0"
"","79602","Dan Bentley","Wolverhampton","1","GK","2.5","0.0","11","2.20","4.40","0.88","0","0","0.00","3","2","0","0","0","8","1","0","7","0","0","0","0","0"
"","183656","Josh Dasilva","Brentford","3","MID","3.0","0.0","11","2.20","3.67","0.73","0","0","0.00","2","3","0","1","4","0","0","0","0","0","0","0","0","0"
"","497606","Tawanda Chirewa","Wolverhampton","3","MID","2.6","0.0","11","1.10","4.23","0.42","0","0","0.00","1","9","0","0","8","0","0","0","0","0","1","0","0","0"
"","55459","Aaron Cresswell","West Ham Utd","2","DEF","3.3","0.1","10","0.83","3.03","0.25","0","0","0.00","5","7","0","0","0","0","0","0","12","0","2","0","0","0"
"","225796","Reece James","Chelsea","2","DEF","4.8","2.6","10","1.00","2.08","0.21","0","0","0.00","5","5","0","2","0","0","0","0","12","0","0","2","0","0"
"","449988","Fabio Silva","Wolverhampton","4","STR","3.3","0.0","9","1.13","2.73","0.34","0","0","0.00","3","5","0","0","0","0","0","0","0","0","2","0","0","0"
"","244619","Luke Thomas","Leicester City","2","DEF","2.4","0.2","8","0.62","3.33","0.26","0","0","0.00","12","1","0","0","0","0","1","0","29","0","4","0","0","0"
"","450542","Jesurun Rak-Sakyi","Crystal Palace","3","MID","2.6","0.1","7","1.17","2.69","0.45","0","0","0.00","0","6","0","0","4","0","0","0","0","0","0","0","0","0"
"","531442","Abdul Fatawu","Leicester City","4","STR","3.1","0.2","7","3.50","2.26","1.13","0","0","0.00","1","1","1","0","0","0","0","0","0","0","1","0","0","0"
"","93100","Jannik Vestergaard","Leicester City","2","DEF","2.5","0.3","6","3.00","2.40","1.20","0","0","0.00","2","0","0","0","0","0","1","0","4","0","0","0","0","0"
"","94147","Conor Coady","Leicester City","2","DEF","2.6","0.3","6","3.00","2.31","1.15","0","0","0.00","1","1","0","0","0","0","1","0","2","0","1","0","0","0"
"","543158","Valentin Barco","B & H Albion","2","DEF","2.3","1.2","6","1.00","2.61","0.43","0","0","0.00","3","3","0","0","0","0","0","1","9","0","1","0","0","0"
"","197469","Hamza Choudhury","Leicester City","3","MID","2.4","0.1","6","3.00","2.50","1.25","0","0","0.00","2","0","0","0","3","0","0","0","0","0","0","0","0","0"
"","200785","Tyler Adams","Bournemouth","3","MID","2.5","0.0","6","2.00","2.40","0.80","0","0","0.00","1","2","0","0","4","0","0","0","0","0","0","0","0","0"
"","215413","Kiernan Dewsbury-Hall","Chelsea","3","MID","3.7","1.0","6","6.00","1.62","1.62","0","0","0.00","1","0","0","1","2","0","0","0","0","0","0","0","0","0"
"","154048","Stephy Mavididi","Leicester City","4","STR","3.1","0.3","6","6.00","1.94","1.94","0","0","0.00","1","0","1","0","0","0","0","0","0","0","1","0","0","0"
"","490145","Dane Scarlett","Tottenham Hotspur","4","STR","2.6","0.0","6","1.00","2.31","0.38","0","0","0.00","0","6","0","0","0","0","0","0","0","0","0","0","0","0"
"","111931","Ricardo Domingos Barbosa Pereira","Leicester City","2","DEF","2.9","0.2","5","5.00","1.72","1.72","0","0","0.00","0","1","0","0","0","0","1","0","0","0","1","0","0","0"
"","441240","Romain Faivre","Bournemouth","3","MID","2.4","0.0","5","0.83","2.08","0.35","0","0","0.00","0","6","0","0","1","0","0","0","0","0","1","0","0","0"
"","203341","Wilfred Ndidi","Leicester City","3","MID","3.2","0.3","4","4.00","1.25","1.25","0","0","0.00","1","0","0","0","4","0","0","0","0","0","0","0","0","0"
"","450539","Myles Peart-Harris","Brentford","3","MID","2.0","15.1","4","1.00","2.00","0.50","0","0","0.00","0","4","0","0","2","0","0","0","0","0","1","0","0","0"
"","463210","Shea Charles","Southampton","3","MID","2.1","0.3","4","4.00","1.90","1.90","0","0","0.00","1","0","0","0","5","0","0","0","0","0","0","0","0","0"
"","444180","Jaidon Anthony","Bournemouth","4","STR","3.2","0.0","4","1.00","1.25","0.31","0","0","0.00","3","1","0","2","0","0","0","0","0","0","1","0","0","0"
"","451302","Altay Bayindir","Manchester Utd","1","GK","2.8","0.0","3","3.00","1.07","1.07","0","0","0.00","1","0","0","0","0","5","0","0","2","0","0","0","0","0"
"","501770","Ben Nelson","Leicester City","2","DEF","2.3","0.1","3","3.00","1.30","1.30","0","0","0.00","0","1","0","0","0","0","0","1","0","0","0","0","0","0"
"","184349","Ryan Sessegnon","Fulham","2","DEF","3.5","0.1","3","3.00","0.86","0.86","0","0","0.00","0","1","0","0","0","0","0","1","0","0","0","0","0","0"
"","157668","Harry Winks","Leicester City","3","MID","2.6","0.6","3","3.00","1.15","1.15","0","0","0.00","1","0","0","0","3","0","0","0","0","0","0","0","0","0"
"","193204","Joe Aribo","Southampton","3","MID","2.8","0.1","3","3.00","1.07","1.07","0","0","0.00","1","0","0","0","3","0","0","0","0","0","0","0","0","0"
"","209243","Jadon Sancho","Manchester Utd","3","MID","4.5","0.6","3","1.00","0.67","0.22","0","0","0.00","0","3","0","0","1","0","0","0","0","0","0","0","0","0"
"","424044","Hamed Traore","Bournemouth","3","MID","2.6","0.0","3","1.00","1.15","0.38","0","0","0.00","0","3","0","0","0","0","0","0","0","0","0","0","0","0"
"","535928","Stefan Bajcetic","Liverpool","3","MID","2.3","0.2","3","3.00","1.30","1.30","0","0","0.00","0","1","0","0","4","0","0","0","0","0","0","0","0","0"
"","547701","Archie Gray","Tottenham Hotspur","3","MID","3.2","0.6","3","3.00","0.94","0.94","0","0","0.00","1","0","0","0","2","0","0","0","0","0","0","0","0","0"
"","461416","Thomas Cannon","Leicester City","4","STR","2.5","0.0","3","1.50","1.20","0.60","0","0","0.00","1","1","0","0","0","0","0","0","0","0","0","0","0","0"
"","513588","Jamie Donley","Tottenham Hotspur","4","STR","2.4","0.0","3","0.75","1.25","0.31","0","0","0.00","0","4","0","0","0","0","0","0","0","0","1","0","0","0"
"","617054","Deivid Washington","Chelsea","4","STR","3.0","0.0","3","1.00","1.00","0.33","0","0","0.00","0","3","0","0","0","0","0","0","0","0","0","0","0","0"
"","184386","James Bree","Southampton","2","DEF","2.2","0.3","2","2.00","0.91","0.91","0","0","0.00","1","0","0","0","0","0","0","0","1","0","0","0","0","0"
"","220627","James Justin","Leicester City","2","DEF","2.6","0.3","2","1.00","0.77","0.38","0","0","0.00","0","2","0","0","0","0","0","1","2","0","1","0","0","0"
"","240299","Joe Hodge","Wolverhampton","3","MID","2.3","0.1","2","2.00","0.87","0.87","0","0","0.00","1","0","0","0","0","0","0","0","0","0","0","0","0","0"
"","461584","Wanya Marcal","Leicester City","3","MID","2.6","0.1","2","2.00","0.77","0.77","0","0","0.00","1","0","0","0","0","0","0","0","0","0","0","0","0","0"
"","490503","Samuel Edozie","Southampton","3","MID","2.1","0.3","2","2.00","0.95","0.95","0","0","0.00","1","0","0","0","3","0","0","0","0","0","0","0","0","0"
"","504783","Kamaldeen Sulemana","Southampton","3","MID","2.3","0.1","2","2.00","0.87","0.87","0","0","0.00","1","0","0","0","1","0","0","0","0","0","0","0","0","0"
"","549068","Omari Kellyman","Chelsea","3","MID","2.5","0.0","2","1.00","0.80","0.40","0","0","0.00","0","2","0","0","1","0","0","0","0","0","0","0","0","0"
"","245419","Patson Daka","Leicester City","4","STR","2.6","0.1","2","2.00","0.77","0.77","0","0","0.00","1","0","0","0","0","0","0","0","0","0","0","0","0","0"
"","476888","Sekou Mara","Southampton","4","STR","2.2","0.0","2","2.00","0.91","0.91","0","0","0.00","1","0","0","0","0","0","0","0","0","0","0","0","0","0"
"","167888","Joe Lumley","Southampton","1","GK","2.2","0.0","1","1.00","0.45","0.45","0","0","0.00","1","0","0","0","0","2","0","0","3","0","0","0","0","0"
"","108053","Conor Townsend","Ipswich Town","2","DEF","2.3","0.0","1","1.00","0.43","0.43","0","0","0.00","1","0","0","0","0","0","0","0","2","0","0","0","0","0"
"","149484","Tyrone Mings","Aston Villa","2","DEF","3.3","0.2","1","1.00","0.30","0.30","0","0","0.00","1","0","0","0","0","0","0","0","2","0","0","0","0","0"
"","158534","Kyle Walker-Peters","Southampton","2","DEF","2.6","0.6","1","1.00","0.38","0.38","0","0","0.00","0","1","0","0","0","0","0","0","1","0","0","0","0","0"
"","169359","Matt Targett","Newcastle Utd","2","DEF","3.2","0.1","1","0.33","0.31","0.10","0","0","0.00","1","2","0","0","0","0","0","0","4","0","1","0","0","0"
"","245719","Taylor Harwood-Bellis","Southampton","2","DEF","2.3","0.7","1","1.00","0.43","0.43","0","0","0.00","0","1","0","0","0","0","0","0","1","0","0","0","0","0"
"","445122","Jurrien Timber","Arsenal","2","DEF","4.0","2.3","1","0.50","0.25","0.13","0","0","0.00","1","1","0","0","0","0","0","0","0","0","2","0","0","0"
"","549640","Michael Golding","Leicester City","2","DEF","2.1","3.2","1","1.00","0.48","0.48","0","0","0.00","0","1","0","0","0","0","0","1","0","0","0","0","0","0"
"","214466","Will Smallbone","Southampton","3","MID","2.9","0.2","1","1.00","0.34","0.34","0","0","0.00","0","1","0","0","0","0","0","0","0","0","0","0","0","0"
"","444183","Gavin Kilkenny","Bournemouth","3","MID","2.2","0.2","1","1.00","0.45","0.45","0","0","0.00","0","1","0","0","1","0","0","0","0","0","0","0","0","0"
"","481624","Jaden Philogene","Aston Villa","3","MID","3.4","0.2","1","1.00","0.29","0.29","0","0","0.00","0","1","0","0","0","0","0","0","0","0","0","0","0","0"
"","514356","Romeo Lavia","Chelsea","3","MID","2.9","0.1","1","1.00","0.34","0.34","0","0","0.00","0","1","0","0","1","0","0","0","0","0","0","0","0","0"
"","515024","Luke Harris","Fulham","3","MID","2.2","0.1","1","1.00","0.45","0.45","0","0","0.00","0","1","0","0","1","0","0","0","0","0","0","0","0","0"
"","532605","Andrey Santos","Chelsea","3","MID","3.0","0.1","1","1.00","0.33","0.33","0","0","0.00","0","1","0","0","0","0","0","0","0","0","0","0","0","0"
"","593001","Enso Gonzalez","Wolverhampton","3","MID","2.5","0.1","1","1.00","0.40","0.40","0","0","0.00","0","1","0","0","0","0","0","0","0","0","0","0","0","0"
"","155511","Adam Armstrong","Southampton","4","STR","3.0","1.2","1","1.00","0.33","0.33","0","0","0.00","0","1","0","0","0","0","0","0","0","0","0","0","0","0"
"","200439","Che Adams","Southampton","4","STR","2.9","0.2","1","1.00","0.34","0.34","0","0","0.00","0","1","0","0","0","0","0","0","0","0","0","0","0","0"
"","496208","Ben Doak","Liverpool","4","STR","2.5","0.1","1","1.00","0.40","0.40","0","0","0.00","0","1","0","0","0","0","0","0","0","0","0","0","0","0"
"","523700","Daniel Jebbison","Bournemouth","4","STR","2.7","0.0","1","1.00","0.37","0.37","0","0","0.00","0","1","0","0","0","0","0","0","0","0","0","0","0","0"
"","17601","Scott Carson","Manchester City","1","GK","2.4","0.1","0","0.00","0.00","0.00","0","0","0.00","0","0","0","0","0","0","0","0","0","0","0","0","0","0"
"","19236","John Ruddy","Newcastle Utd","1","GK","2.5","0.0","0","0.00","0.00","0.00","0","0","0.00","0","0","0","0","0","0","0","0","0","0","0","0","0","0"
"","21205","Tom Heaton","Manchester Utd","1","GK","2.5","0.0","0","0.00","0.00","0.00","0","0","0.00","0","0","0","0","0","0","0","0","0","0","0","0","0","0"
"","40383","Fraser Forster","Tottenham Hotspur","1","GK","2.8","0.0","0","0.00","0.00","0.00","0","0","0.00","0","0","0","0","0","0","0","0","0","0","0","0","0","0"
"","58376","Alex McCarthy","Southampton","1","GK","2.4","0.1","0","0.00","0.00","0.00","0","0","0.00","0","0","0","0","0","0","0","0","0","0","0","0","0","0"
"","95463","Danny Ward","Leicester City","1","GK","2.2","0.1","0","0.00","0.00","0.00","0","0","0.00","0","0","0","0","0","0","0","0","0","0","0","0","0","0"
"","108813","Christian Walton","Ipswich Town","1","GK","2.4","0.2","0","0.00","0.00","0.00","0","0","0.00","0","0","0","0","0","0","0","0","0","0","0","0","0","0"
"","109745","Kepa Arrizabalaga","Chelsea","1","GK","3.2","0.1","0","0.00","0.00","0.00","0","0","0.00","0","0","0","0","0","0","0","0","0","0","0","0","0","0"
"","138001","Tom King","Wolverhampton","1","GK","2.1","0.0","0","0.00","0.00","0.00","0","0","0.00","0","0","0","0","0","0","0","0","0","0","0","0","0","0"
"","200428","Mateusz Lis","Southampton","1","GK","2.1","0.0","0","0.00","0.00","0.00","0","0","0.00","0","0","0","0","0","0","0","0","0","0","0","0","0","0"
"","207270","Daniel Iversen","Leicester City","1","GK","2.2","0.0","0","0.00","0.00","0.00","0","0","0.00","1","0","0","0","0","3","0","0","4","0","0","0","0","0"
"","428971","Steven Benda","Fulham","1","GK","2.5","0.0","0","0.00","0.00","0.00","0","0","0.00","0","0","0","0","0","0","0","0","0","0","0","0","0","0"
"","434044","Cieran Slicker","Ipswich Town","1","GK","2.0","0.6","0","0.00","0.00","0.00","0","0","0.00","0","0","0","0","0","0","0","0","0","0","0","0","0","0"
"","456350","Gavin Bazunu","Southampton","1","GK","2.5","0.1","0","0.00","0.00","0.00","0","0","0.00","0","0","0","0","0","0","0","0","0","0","0","0","0","0"
"","508479","Filip Jorgensen","Chelsea","1","GK","2.9","0.1","0","0.00","0.00","0.00","0","0","0.00","0","0","0","0","0","0","0","0","0","0","0","0","0","0"
"","462492","Joe Gauci","Aston Villa","1","GK","2.3","0.0","0","0.00","0.00","0.00","0","0","0.00","0","0","0","0","0","0","0","0","0","0","0","0","0","0"
"","467189","Mads Hermansen","Leicester City","1","GK","2.6","0.4","0","0.00","0.00","0.00","0","0","0.00","0","0","0","0","0","0","0","0","0","0","0","0","0","0"
"","471798","Gabriel Slonina","Chelsea","1","GK","2.6","0.0","0","0.00","0.00","0.00","0","0","0.00","0","0","0","0","0","0","0","0","0","0","0","0","0","0"
"","475123","Carlos Miguel","Nottingham Forest","1","GK","3.1","0.3","0","0.00","0.00","0.00","0","0","0.00","0","0","0","0","0","0","0","0","0","0","0","0","0","0"
"","503300","Matthew Cox","Brentford","1","GK","2.4","0.0","0","0.00","0.00","0.00","0","0","0.00","0","0","0","0","0","0","0","0","0","0","0","0","0","0"
"","507433","Hakon Valdimarsson","Brentford","1","GK","2.5","0.0","0","0.00","0.00","0.00","0","0","0.00","0","0","0","0","0","0","0","0","0","0","0","0","0","0"
"","88900","Jack Stephens","Southampton","2","DEF","2.4","0.2","0","0.00","0.00","0.00","0","0","0.00","1","0","0","0","0","0","0","0","3","0","0","0","0","0"
"","120721","Kevin Mbabu","Fulham","2","DEF","2.3","0.2","0","0.00","0.00","0.00","0","0","0.00","0","0","0","0","0","0","0","0","0","0","0","0","0","0"
"","121145","Joao Cancelo","Manchester City","2","DEF","4.9","2.8","0","0.00","0.00","0.00","0","0","0.00","0","0","0","0","0","0","0","0","0","0","0","0","0","0"
"","122411","Cameron Burgess","Ipswich Town","2","DEF","2.3","0.2","0","0.00","0.00","0.00","0","0","0.00","0","0","0","0","0","0","0","0","0","0","0","0","0","0"
"","123354","Kortney Hause","Aston Villa","2","DEF","2.5","0.1","0","0.00","0.00","0.00","0","0","0.00","0","0","0","0","0","0","0","0","0","0","0","0","0","0"
"","154936","Janoi Donacien","Ipswich Town","2","DEF","2.1","2.2","0","0.00","0.00","0.00","0","0","0.00","0","0","0","0","0","0","0","0","0","0","0","0","0","0"
"","156074","Rob Holding","Crystal Palace","2","DEF","2.6","0.1","0","0.00","0.00","0.00","0","0","0.00","0","0","0","0","0","0","0","0","0","0","0","0","0","0"
"","171771","Jan Bednarek","Southampton","2","DEF","2.3","0.2","0","0.00","0.00","0.00","0","0","0.00","1","0","0","0","0","0","0","0","3","0","0","0","0","0"
"","180804","Axel Tuanzebe","Ipswich Town","2","DEF","2.4","0.3","0","0.00","0.00","0.00","0","0","0.00","0","0","0","0","0","0","0","0","0","0","0","0","0","0"
"","192895","Kieran Tierney","Arsenal","2","DEF","3.5","0.2","0","0.00","0.00","0.00","0","0","0.00","0","0","0","0","0","0","0","0","0","0","0","0","0","0"
"","194190","Harry Souttar","Leicester City","2","DEF","2.4","0.1","0","0.00","0.00","0.00","0","0","0.00","0","0","0","0","0","0","0","0","0","0","0","0","0","0"
"","194799","Jamal Lewis","Newcastle Utd","2","DEF","2.6","0.1","0","0.00","0.00","0.00","0","0","0.00","0","0","0","0","0","0","0","0","0","0","0","0","0","0"
"","197464","Nathaniel Phillips","Liverpool","2","DEF","2.7","0.1","0","0.00","0.00","0.00","0","0","0.00","0","0","0","0","0","0","0","0","0","0","0","0","0","0"
"","204727","Malang Sarr","Chelsea","2","DEF","2.6","0.1","0","0.00","0.00","0.00","0","0","0.00","0","0","0","0","0","0","0","0","0","0","0","0","0","0"
"","204822","Omar Richards","Nottingham Forest","2","DEF","2.3","0.1","0","0.00","0.00","0.00","0","0","0.00","0","0","0","0","0","0","0","0","0","0","0","0","0","0"
"","512462","Jake O'Brien","Everton","2","DEF","2.8","0.1","0","0.00","0.00","0.00","0","0","0.00","0","0","0","0","0","0","0","0","0","0","0","0","0","0"
"","554605","Dean Huijsen","Bournemouth","2","DEF","2.4","0.0","0","0.00","0.00","0.00","0","0","0.00","0","0","0","0","0","0","0","0","0","0","0","0","0","0"
"","466075","Riccardo Calafiori","Arsenal","2","DEF","4.2","1.0","0","0.00","0.00","0.00","0","0","0.00","0","0","0","0","0","0","0","0","0","0","0","0","0","0"
"","214964","George Edmundson","Ipswich Town","2","DEF","2.1","2.9","0","0.00","0.00","0.00","0","0","0.00","0","0","0","0","0","0","0","0","0","0","0","0","0","0"
"","219279","Yukinari Sugawara","Southampton","2","DEF","2.4","0.2","0","0.00","0.00","0.00","0","0","0.00","0","0","0","0","0","0","0","0","0","0","0","0","0","0"
"","220583","Luke Woolfenden","Ipswich Town","2","DEF","2.4","0.1","0","0.00","0.00","0.00","0","0","0.00","0","0","0","0","0","0","0","0","0","0","0","0","0","0"
"","222690","Tyrell Malacia","Manchester Utd","2","DEF","2.5","0.1","0","0.00","0.00","0.00","0","0","0.00","0","0","0","0","0","0","0","0","0","0","0","0","0","0"
"","227444","Nikola Milenkovic","Nottingham Forest","2","DEF","2.7","0.3","0","0.00","0.00","0.00","0","0","0.00","0","0","0","0","0","0","0","0","0","0","0","0","0","0"
"","232228","Harry Clarke","Ipswich Town","2","DEF","2.1","2.9","0","0.00","0.00","0.00","0","0","0.00","0","0","0","0","0","0","0","0","0","0","0","0","0","0"
"","232859","Djed Spence","Tottenham Hotspur","2","DEF","3.0","0.1","0","0.00","0.00","0.00","0","0","0.00","0","0","0","0","0","0","0","0","0","0","0","0","0","0"
"","246265","Corrie Ndaba","Ipswich Town","2","DEF","2.1","2.4","0","0.00","0.00","0.00","0","0","0.00","0","0","0","0","0","0","0","0","0","0","0","0","0","0"
"","441271","Ki-Jana Hoever","Wolverhampton","2","DEF","2.3","0.1","0","0.00","0.00","0.00","0","0","0.00","1","0","0","0","0","0","0","0","4","0","1","0","0","0"
"","444463","Wesley Fofana","Chelsea","2","DEF","3.5","0.3","0","0.00","0.00","0.00","0","0","0.00","0","0","0","0","0","0","0","0","0","0","0","0","0","0"
"","449429","Jacob Greaves","Ipswich Town","2","DEF","2.2","0.6","0","0.00","0.00","0.00","0","0","0.00","0","0","0","0","0","0","0","0","0","0","0","0","0","0"
"","455084","Leif Davis","Ipswich Town","2","DEF","2.5","2.7","0","0.00","0.00","0.00","0","0","0.00","0","0","0","0","0","0","0","0","0","0","0","0","0","0"
"","473341","Caleb Okoli","Leicester City","2","DEF","2.2","0.4","0","0.00","0.00","0.00","0","0","0.00","0","0","0","0","0","0","0","0","0","0","0","0","0","0"
"","477386","Armel Bella-Kotchap","Southampton","2","DEF","2.3","0.1","0","0.00","0.00","0.00","0","0","0.00","0","0","0","0","0","0","0","0","0","0","0","0","0","0"
"","481510","Victor Kristiansen","Leicester City","2","DEF","2.4","0.2","0","0.00","0.00","0.00","0","0","0.00","0","0","0","0","0","0","0","0","0","0","0","0","0","0"
"","499717","Jayden Meghoma","Southampton","2","DEF","2.1","2.7","0","0.00","0.00","0.00","0","0","0.00","0","0","0","0","0","0","0","0","0","0","0","0","0","0"
"","500926","Ronnie Edwards","Southampton","2","DEF","2.2","0.3","0","0.00","0.00","0.00","0","0","0.00","0","0","0","0","0","0","0","0","0","0","0","0","0","0"
"","515571","Juan Larios","Southampton","2","DEF","2.2","0.2","0","0.00","0.00","0.00","0","0","0.00","0","0","0","0","0","0","0","0","0","0","0","0","0","0"
"","515621","Chadi Riad","Crystal Palace","2","DEF","2.6","0.1","0","0.00","0.00","0.00","0","0","0.00","0","0","0","0","0","0","0","0","0","0","0","0","0","0"
"","517178","Elkan Baggott","Ipswich Town","2","DEF","2.1","2.6","0","0.00","0.00","0.00","0","0","0.00","0","0","0","0","0","0","0","0","0","0","0","0","0","0"
"","538292","Zak Bradshaw","Ipswich Town","2","DEF","2.1","2.6","0","0.00","0.00","0.00","0","0","0.00","0","0","0","0","0","0","0","0","0","0","0","0","0","0"
"","550864","Leny Yoro","Manchester Utd","2","DEF","3.5","2.0","0","0.00","0.00","0.00","0","0","0.00","0","0","0","0","0","0","0","0","0","0","0","0","0","0"
"","641221","Pedro Lima","Wolverhampton","2","DEF","2.5","0.1","0","0.00","0.00","0.00","0","0","0.00","0","0","0","0","0","0","0","0","0","0","0","0","0","0"
"","50232","Jonjo Shelvey","Nottingham Forest","3","MID","2.9","0.0","0","0.00","0.00","0.00","0","0","0.00","0","0","0","0","0","0","0","0","0","0","0","0","0","0"
"","74944","Samy Morsy","Ipswich Town","3","MID","2.4","0.8","0","0.00","0.00","0.00","0","0","0.00","0","0","0","0","0","0","0","0","0","0","0","0","0","0"
"","89076","Remo Freuler","Nottingham Forest","3","MID","2.4","0.1","0","0.00","0.00","0.00","0","0","0.00","0","0","0","0","0","0","0","0","0","0","0","0","0","0"
"","90105","Ryan Fraser","Newcastle Utd","3","MID","3.1","0.1","0","0.00","0.00","0.00","0","0","0.00","0","0","0","0","0","0","0","0","0","0","0","0","0","0"
"","106606","Massimo Luongo","Ipswich Town","3","MID","2.3","0.3","0","0.00","0.00","0.00","0","0","0.00","0","0","0","0","0","0","0","0","0","0","0","0","0","0"
"","153127","Isaac Hayden","Newcastle Utd","3","MID","2.7","0.1","0","0.00","0.00","0.00","0","0","0.00","0","0","0","0","0","0","0","0","0","0","0","0","0","0"
"","167191","Marcus Harness","Ipswich Town","3","MID","2.2","0.2","0","0.00","0.00","0.00","0","0","0.00","0","0","0","0","0","0","0","0","0","0","0","0","0","0"
"","195546","Emiliano Buendia","Aston Villa","3","MID","3.5","0.2","0","0.00","0.00","0.00","0","0","0.00","0","0","0","0","0","0","0","0","0","0","0","0","0","0"
"","200600","Daniel Podence","Wolverhampton","3","MID","3.3","0.1","0","0.00","0.00","0.00","0","0","0.00","0","0","0","0","0","0","0","0","0","0","0","0","0","0"
"","209400","Daichi Kamada","Crystal Palace","3","MID","3.0","0.4","0","0.00","0.00","0.00","0","0","0.00","0","0","0","0","0","0","0","0","0","0","0","0","0","0"
"","220585","Flynn Downes","Southampton","3","MID","2.6","0.3","0","0.00","0.00","0.00","0","0","0.00","0","0","0","0","0","0","0","0","0","0","0","0","0","0"
"","225902","Boubakary Soumare","Leicester City","3","MID","2.5","0.1","0","0.00","0.00","0.00","0","0","0.00","0","0","0","0","0","0","0","0","0","0","0","0","0","0"
"","231899","Jack Taylor","Ipswich Town","3","MID","2.3","0.2","0","0.00","0.00","0.00","0","0","0.00","0","0","0","0","0","0","0","0","0","0","0","0","0","0"
"","243345","Lewis O'Brien","Nottingham Forest","3","MID","2.2","0.1","0","0.00","0.00","0.00","0","0","0.00","0","0","0","0","0","0","0","0","0","0","0","0","0","0"
"","245923","Luke Cundle","Wolverhampton","3","MID","2.1","0.3","0","0.00","0.00","0.00","0","0","0.00","0","0","0","0","0","0","0","0","0","0","0","0","0","0"
"","440993","Iliman Ndiaye","Everton","3","MID","2.9","0.4","0","0.00","0.00","0.00","0","0","0.00","0","0","0","0","0","0","0","0","0","0","0","0","0","0"
"","450535","Malcolm Ebiowei","Crystal Palace","3","MID","2.4","0.1","0","0.00","0.00","0.00","0","0","0.00","0","0","0","0","0","0","0","0","0","0","0","0","0","0"
"","463903","Jesper Lindstrom","Everton","3","MID","3.2","0.1","0","0.00","0.00","0.00","0","0","0.00","0","0","0","0","0","0","0","0","0","0","0","0","0","0"
"","461587","Kasey McAteer","Leicester City","3","MID","2.3","0.2","0","0.00","0.00","0.00","0","0","0.00","0","0","0","0","0","0","0","0","0","0","0","0","0","0"
"","467779","Mats Wieffer","B & H Albion","3","MID","3.2","0.1","0","0.00","0.00","0.00","0","0","0.00","0","0","0","0","0","0","0","0","0","0","0","0","0","0"
"","482769","Maximo Perrone","Manchester City","3","MID","3.3","0.1","0","0.00","0.00","0.00","0","0","0.00","0","0","0","0","0","0","0","0","0","0","0","0","0","0"
"","483081","Rodrigo Gomes","Wolverhampton","3","MID","3.1","0.3","0","0.00","0.00","0.00","0","0","0.00","0","0","0","0","0","0","0","0","0","0","0","0","0","0"
"","491287","Enzo Barrenechea","Aston Villa","3","MID","3.1","0.1","0","0.00","0.00","0.00","0","0","0.00","0","0","0","0","0","0","0","0","0","0","0","0","0","0"
"","496661","Tyler Dibling","Southampton","3","MID","2.1","0.2","0","0.00","0.00","0.00","0","0","0.00","0","0","0","0","0","0","0","0","0","0","0","0","0","0"
"","502697","Carlos Alcaraz","Southampton","3","MID","2.5","0.1","0","0.00","0.00","0.00","0","0","0.00","0","0","0","0","0","0","0","0","0","0","0","0","0","0"
"","509416","Yasin Ayari","B & H Albion","3","MID","2.5","0.0","0","0.00","0.00","0.00","0","0","0.00","0","1","0","0","1","0","0","0","0","0","1","0","0","0"
"","510281",". Savinho","Manchester City","3","MID","4.0","0.7","0","0.00","0.00","0.00","0","0","0.00","0","0","0","0","0","0","0","0","0","0","0","0","0","0"
"","519324","Amario Cozier-Duberry","B & H Albion","3","MID","2.6","0.1","0","0.00","0.00","0.00","0","0","0.00","0","0","0","0","0","0","0","0","0","0","0","0","0","0"
"","524180","Cameron Humphreys","Ipswich Town","3","MID","2.1","0.3","0","0.00","0.00","0.00","0","0","0.00","0","0","0","0","0","0","0","0","0","0","0","0","0","0"
"","551230","Renato Veiga","Chelsea","3","MID","3.0","0.1","0","0.00","0.00","0.00","0","0","0.00","0","0","0","0","0","0","0","0","0","0","0","0","0","0"
"","569014","Eric da Silva Moreira","Nottingham Forest","3","MID","2.4","0.1","0","0.00","0.00","0.00","0","0","0.00","0","0","0","0","0","0","0","0","0","0","0","0","0","0"
"","570526","Lucas Bergvall","Tottenham Hotspur","3","MID","3.1","0.3","0","0.00","0.00","0.00","0","0","0.00","0","0","0","0","0","0","0","0","0","0","0","0","0","0"
"","577114","Luis Guilherme","West Ham Utd","3","MID","2.9","0.1","0","0.00","0.00","0.00","0","0","0.00","0","0","0","0","0","0","0","0","0","0","0","0","0","0"
"","611695","Malick Yalcouye","B & H Albion","3","MID","2.3","0.1","0","0.00","0.00","0.00","0","0","0.00","0","0","0","0","0","0","0","0","0","0","0","0","0","0"
"","613041","Leon Ayinde","Ipswich Town","3","MID","2.1","0.3","0","0.00","0.00","0.00","0","0","0.00","0","0","0","0","0","0","0","0","0","0","0","0","0","0"
"","66749","Romelu Lukaku","Chelsea","4","STR","6.2","2.8","0","0.00","0.00","0.00","0","0","0.00","0","0","0","0","0","0","0","0","0","0","0","0","0","0"
"","94926","Freddie Ladapo","Ipswich Town","4","STR","2.4","0.1","0","0.00","0.00","0.00","0","0","0.00","0","0","0","0","0","0","0","0","0","0","0","0","0","0"
"","101668","Jamie Vardy","Leicester City","4","STR","3.4","0.5","0","0.00","0.00","0.00","0","0","0.00","0","0","0","0","0","0","0","0","0","0","0","0","0","0"
"","147611","Paul Onuachu","Southampton","4","STR","2.1","0.1","0","0.00","0.00","0.00","0","0","0.00","0","0","0","0","0","0","0","0","0","0","0","0","0","0"
"","149929","Wes Burns","Ipswich Town","4","STR","2.6","0.1","0","0.00","0.00","0.00","0","0","0.00","0","0","0","0","0","0","0","0","0","0","0","0","0","0"
"","173818","Nathan Broadhead","Ipswich Town","4","STR","2.4","0.1","0","0.00","0.00","0.00","0","0","0.00","0","0","0","0","0","0","0","0","0","0","0","0","0","0"
"","181284","Goncalo Guedes","Wolverhampton","4","STR","3.5","0.0","0","0.00","0.00","0.00","0","0","0.00","0","0","0","0","0","0","0","0","0","0","0","0","0","0"
"","196411","Conor Chaplin","Ipswich Town","4","STR","2.7","0.4","0","0.00","0.00","0.00","0","0","0.00","0","0","0","0","0","0","0","0","0","0","0","0","0","0"
"","201440","Ui-Jo Hwang","Nottingham Forest","4","STR","2.4","0.0","0","0.00","0.00","0.00","0","0","0.00","0","0","0","0","0","0","0","0","0","0","0","0","0","0"
"","510500","Jota Silva","Nottingham Forest","4","STR","3.0","0.0","0","0.00","0.00","0.00","0","0","0.00","0","0","0","0","0","0","0","0","0","0","0","0","0","0"
"","222625","George Hirst","Ipswich Town","4","STR","2.4","0.1","0","0.00","0.00","0.00","0","0","0.00","0","0","0","0","0","0","0","0","0","0","0","0","0","0"
"","230251","Emmanuel Dennis","Nottingham Forest","4","STR","3.8","0.0","0","0.00","0.00","0.00","0","0","0.00","0","0","0","0","0","0","0","0","0","0","0","0","0","0"
"","230348","Ross Stewart","Southampton","4","STR","2.3","0.1","0","0.00","0.00","0.00","0","0","0.00","0","0","0","0","0","0","0","0","0","0","0","0","0","0"
"","232185","Ismaila Sarr","Crystal Palace","4","STR","3.5","0.1","0","0.00","0.00","0.00","0","0","0.00","0","0","0","0","0","0","0","0","0","0","0","0","0","0"
"","244930","Alex Mighten","Nottingham Forest","4","STR","2.2","0.0","0","0.00","0.00","0.00","0","0","0.00","0","0","0","0","0","0","0","0","0","0","0","0","0","0"
"","247412","Jorgen Strand Larsen","Wolverhampton","4","STR","2.8","0.1","0","0.00","0.00","0.00","0","0","0.00","0","0","0","0","0","0","0","0","0","0","0","0","0","0"
"","441192","Jeremy Sarmiento","B & H Albion","4","STR","2.5","0.0","0","0.00","0.00","0.00","0","0","0.00","0","0","0","0","0","0","0","0","0","0","0","0","0","0"
"","450434","Deniz Undav","B & H Albion","4","STR","3.2","0.0","0","0.00","0.00","0.00","0","0","0.00","0","0","0","0","0","0","0","0","0","0","0","0","0","0"
"","458249","Joshua Zirkzee","Manchester Utd","4","STR","4.7","1.2","0","0.00","0.00","0.00","0","0","0.00","0","0","0","0","0","0","0","0","0","0","0","0","0","0"
"","462387","Ali Al Hamadi","Ipswich Town","4","STR","2.2","0.1","0","0.00","0.00","0.00","0","0","0.00","0","0","0","0","0","0","0","0","0","0","0","0","0","0"
"","463034","Liam Delap","Ipswich Town","4","STR","2.5","0.2","0","0.00","0.00","0.00","0","0","0.00","0","0","0","0","0","0","0","0","0","0","0","0","0","0"
"","469247","Samuel Iling-Junior","Aston Villa","4","STR","4.0","0.1","0","0.00","0.00","0.00","0","0","0.00","0","0","0","0","0","0","0","0","0","0","0","0","0","0"
"","490146","Jay Stansfield","Fulham","4","STR","2.3","0.1","0","0.00","0.00","0.00","0","0","0.00","0","0","0","0","0","0","0","0","0","0","0","0","0","0"
"","499724","Sam Amo-Ameyaw","Southampton","4","STR","2.1","0.1","0","0.00","0.00","0.00","0","0","0.00","0","0","0","0","0","0","0","0","0","0","0","0","0","0"
"","502500","Igor Thiago","Brentford","4","STR","3.8","0.1","0","0.00","0.00","0.00","0","0","0.00","0","0","0","0","0","0","0","0","0","0","0","0","0","0"
"","503301","Omari Hutchinson","Ipswich Town","4","STR","3.0","0.7","0","0.00","0.00","0.00","0","0","0.00","0","0","0","0","0","0","0","0","0","0","0","0","0","0"
"","510363","Chiquinho","Wolverhampton","4","STR","3.2","0.0","0","0.00","0.00","0.00","0","0","0.00","0","0","0","0","0","0","0","0","0","0","0","0","0","0"
"","538296","Gerard Buabo","Ipswich Town","4","STR","2.1","0.1","0","0.00","0.00","0.00","0","0","0.00","0","0","0","0","0","0","0","0","0","0","0","0","0","0"
"","592031","Yankuba Minteh","B & H Albion","4","STR","2.9","0.6","0","0.00","0.00","0.00","0","0","0.00","0","0","0","0","0","0","0","0","0","0","0","0","0","0"
"","612855","Ibrahim Osman","B & H Albion","4","STR","2.9","0.0","0","0.00","0.00","0.00","0","0","0.00","0","0","0","0","0","0","0","0","0","0","0","0","0","0"
"","204863","Ryan Manning","Southampton","2","DEF","2.3","0.1","-1","-1.00","-0.43","-0.43","0","0","0.00","1","0","0","0","0","0","0","0","3","0","1","0","0","0"
"","218218","Wout Faes","Leicester City","2","DEF","2.8","0.2","-1","-1.00","-0.36","-0.36","0","0","0.00","1","0","0","0","0","0","0","0","4","0","0","0","0","0"
"","244845","Nathan Wood","Southampton","2","DEF","2.3","0.1","-3","-3.00","-1.30","-1.30","0","0","0.00","1","0","0","0","0","0","0","0","5","0","1","0","0","0"
"","194164","Mason Holgate","Everton","2","DEF","2.6","0.1","-5","-0.50","-1.92","-0.19","0","0","0.00","9","1","0","0","0","0","0","0","27","0","3","1","0","0"